storage,target_rate_per_s,duration_seconds,trial_index,scheduled_at_utc,queue_delay_ms,api_latency_ms,first_command_latency_ms,second_command_latency_ms,api_success,ready_success,cleanup_success,sandbox_id,error_type,error_message
none,10,60,1,2026-07-30T09:50:06.288399+00:00,1.437,842.867,650.802,126.956,True,True,True,sbx-e48f9e0c-46d3-4ede-8bfe-acd4d4d00872,,
none,10,60,2,2026-07-30T09:50:06.388399+00:00,1.182,878.305,908.721,534.997,True,True,True,sbx-efec97f0-ba5a-4a48-bf2a-dfc9247673de,,
none,10,60,3,2026-07-30T09:50:06.488399+00:00,1.284,650.119,467.428,180.76,True,True,True,sbx-a28b0dca-1f1b-4d7d-855f-10b47ebf6fc6,,
none,10,60,4,2026-07-30T09:50:06.588399+00:00,0.657,566.769,453.511,177.629,True,True,True,sbx-e91c6cb5-d3eb-4407-80e9-bee26f54b5a9,,
none,10,60,5,2026-07-30T09:50:06.688399+00:00,0.804,915.594,1116.989,907.025,True,True,True,sbx-f11972f8-e51b-47f7-ab31-68d8a16de57b,,
none,10,60,6,2026-07-30T09:50:06.788399+00:00,0.649,517.944,870.434,577.915,True,True,True,sbx-8480aaa7-aea1-4926-8cb5-7a624a88e3f3,,
none,10,60,7,2026-07-30T09:50:06.888399+00:00,0.704,892.437,3358.413,515.058,True,True,True,sbx-477db3c6-65f8-416b-93c7-415d791bedf2,,
none,10,60,8,2026-07-30T09:50:06.988399+00:00,0.819,619.136,2584.88,190.576,True,True,True,sbx-4dcc9e20-655c-4ec7-87ea-da63e1947ba1,,
none,10,60,9,2026-07-30T09:50:07.088399+00:00,1.207,695.474,2810.664,373.842,True,True,True,sbx-c50b3597-353a-434f-95be-2d8cbce45aa4,,
none,10,60,10,2026-07-30T09:50:07.188399+00:00,0.8,555.198,978.144,491.049,True,True,True,sbx-5593ed57-ba2b-49ff-a634-0bf6ed0c1fec,,
none,10,60,11,2026-07-30T09:50:07.288399+00:00,0.72,886.154,2019.461,190.153,True,True,True,sbx-371e17c2-4a09-40bd-b401-982c8b226d4a,,
none,10,60,12,2026-07-30T09:50:07.388399+00:00,1.15,789.294,1449.195,445.785,True,True,True,sbx-0c5e366b-0c63-4fd9-af3d-31cc7291a47b,,
none,10,60,13,2026-07-30T09:50:07.488399+00:00,0.953,1223.716,1760.722,136.811,True,True,True,sbx-08e3f3e5-a756-4716-ba0e-2ec525921942,,
none,10,60,14,2026-07-30T09:50:07.588399+00:00,0.855,2037.998,1351.41,207.887,True,True,True,sbx-4bf570de-c04c-4ca1-a17e-38f319b11cd1,,
none,10,60,15,2026-07-30T09:50:07.688399+00:00,1.12,1031.028,1756.549,136.103,True,True,True,sbx-ff72fda3-ade3-4f98-86df-4ced0fb96d29,,
none,10,60,16,2026-07-30T09:50:07.788399+00:00,0.751,965.71,1717.348,133.357,True,True,True,sbx-72a642e0-2840-4c97-8111-9ca5fe380110,,
none,10,60,17,2026-07-30T09:50:07.888399+00:00,1.097,871.238,2375.223,449.808,True,True,True,sbx-7c1c3c6d-a918-450a-bd6a-cbd374374e0b,,
none,10,60,18,2026-07-30T09:50:07.988399+00:00,0.89,738.266,1825.927,83.765,True,True,True,sbx-507d804a-b08b-4739-a12c-655be8298065,,
none,10,60,19,2026-07-30T09:50:08.088399+00:00,0.852,654.616,1732.038,131.094,True,True,True,sbx-b102f484-fe0e-4156-9ccc-c4eeacd27333,,
none,10,60,20,2026-07-30T09:50:08.188399+00:00,0.357,555.893,1877.134,357.504,True,True,True,sbx-26c3eb8e-9436-4de2-bc5c-87c8fc40a5d4,,
none,10,60,21,2026-07-30T09:50:08.288399+00:00,1.138,2184.062,1179.655,82.47,True,True,True,sbx-614a2dfa-4e1d-4c29-a58c-6aac92fa88d4,,
none,10,60,22,2026-07-30T09:50:08.388399+00:00,1.198,1270.92,1311.435,213.689,True,True,True,sbx-33ccf993-95d2-41e8-aae3-70fff2006e05,,
none,10,60,23,2026-07-30T09:50:08.488399+00:00,0.996,1172.326,1313.523,211.919,True,True,True,sbx-e7eabc50-8cf6-430b-ac8a-2b2118697905,,
none,10,60,24,2026-07-30T09:50:08.588399+00:00,0.833,1633.804,929.068,493.787,True,True,True,sbx-6d670c05-9fc1-4492-850e-ac744b822e14,,
none,10,60,25,2026-07-30T09:50:08.688399+00:00,1.265,2962.918,592.509,109.028,True,True,True,sbx-2998414c-3514-42bb-b79e-a712171e73e0,,
none,10,60,26,2026-07-30T09:50:08.788399+00:00,0.873,1593.447,771.47,496.874,True,True,True,sbx-5faa8258-576b-4d32-9d47-2a3a036bbfb5,,
none,10,60,27,2026-07-30T09:50:08.888399+00:00,0.383,3236.338,396.358,113.222,True,True,True,sbx-8ba7706a-eefb-424e-983f-1b33b9e2f34b,,
none,10,60,28,2026-07-30T09:50:08.988399+00:00,0.65,1604.989,1214.551,256.115,True,True,True,sbx-d95556a7-4eee-42af-bc53-8bf76d8237c9,,
none,10,60,29,2026-07-30T09:50:09.088399+00:00,0.817,2558.53,659.232,101.18,True,True,True,sbx-8a4711cd-f66d-4d05-8506-9e9581f41d62,,
none,10,60,30,2026-07-30T09:50:09.188399+00:00,0.496,1964.664,1009.938,85.52,True,True,True,sbx-5414c328-c2b9-4d54-b68e-0063a2e3527a,,
none,10,60,31,2026-07-30T09:50:09.288399+00:00,0.417,1203.23,1151.391,84.138,True,True,True,sbx-ac15e344-e4f3-46b9-a5f0-2c2eb6c9bffc,,
none,10,60,32,2026-07-30T09:50:09.388399+00:00,1.18,1198.024,1146.212,215.832,True,True,True,sbx-1f2054d7-5f28-4aca-8c1d-a2e5d97c523e,,
none,10,60,33,2026-07-30T09:50:09.488399+00:00,1.177,1128.584,1329.68,190.686,True,True,True,sbx-212b49e4-bfe4-4c31-982a-7934de87bcfc,,
none,10,60,34,2026-07-30T09:50:09.588399+00:00,0.759,1031.307,1330.727,184.063,True,True,True,sbx-0ad88bae-22f3-4f71-bc02-abd0e0ab6f5b,,
none,10,60,35,2026-07-30T09:50:09.688399+00:00,1.116,785.45,1166.016,91.915,True,True,True,sbx-d3d40766-0fb7-458f-a6de-b06d09e6dc23,,
none,10,60,36,2026-07-30T09:50:09.788399+00:00,0.901,780.472,1086.325,78.969,True,True,True,sbx-7f1ce365-a3c3-4689-96c8-3ee2831348ad,,
none,10,60,37,2026-07-30T09:50:09.888399+00:00,0.859,1258.725,934.543,118.176,True,True,True,sbx-2746e383-2489-4e47-b7e2-41585b47ef62,,
none,10,60,38,2026-07-30T09:50:09.988399+00:00,1.407,2072.854,446.16,288.473,True,True,True,sbx-3d20e2b1-a22c-48d1-8171-abc2c109ae05,,
none,10,60,39,2026-07-30T09:50:10.088399+00:00,1.045,469.907,1096.199,114.587,True,True,True,sbx-f9f9aeb7-2e28-4019-8f1e-1000a056ed19,,
none,10,60,40,2026-07-30T09:50:10.188399+00:00,1.768,2226.652,384.318,128.456,True,True,True,sbx-6c700808-800d-4f6c-b101-d2068d13cbbf,,
none,10,60,41,2026-07-30T09:50:10.288399+00:00,1.065,1357.562,619.574,88.54,True,True,True,sbx-83e2537d-42c6-4979-ac6e-e02e4e326f3c,,
none,10,60,42,2026-07-30T09:50:10.388399+00:00,0.359,790.89,902.446,122.109,True,True,True,sbx-269338f4-bb7d-4891-8485-85f618d589ca,,
none,10,60,43,2026-07-30T09:50:10.488399+00:00,1.201,694.08,1025.225,143.834,True,True,True,sbx-16afeade-cc75-4751-9423-7e2d7d15ed03,,
none,10,60,44,2026-07-30T09:50:10.588399+00:00,0.275,1060.177,512.69,86.405,True,True,True,sbx-c0bb99ab-77a9-4cd5-99a5-ff2ef0d96861,,
none,10,60,45,2026-07-30T09:50:10.688399+00:00,0.807,575.629,806.244,134.882,True,True,True,sbx-0fe237dd-e2b9-42ec-b25b-bd4f2062de1e,,
none,10,60,46,2026-07-30T09:50:10.788399+00:00,0.867,853.749,567.424,141.837,True,True,True,sbx-31d107d5-65c8-4eaa-9557-bb4f77686fa6,,
none,10,60,47,2026-07-30T09:50:10.888399+00:00,0.411,1241.552,373.555,86.525,True,True,True,sbx-16ca555f-5481-42e6-93ed-e48518a0934b,,
none,10,60,48,2026-07-30T09:50:10.988399+00:00,0.44,663.255,550.488,112.582,True,True,True,sbx-2abcdc5d-e45f-4e45-aaf8-ec9a5cec6ef4,,
none,10,60,49,2026-07-30T09:50:11.088399+00:00,0.491,563.863,593.23,110.189,True,True,True,sbx-7a3f2e7a-cb67-4e72-9992-a4c45fbc9f0c,,
none,10,60,50,2026-07-30T09:50:11.188399+00:00,0.271,460.588,595.312,106.128,True,True,True,sbx-537acc3c-536f-4021-99ed-f89e9dce073e,,
none,10,60,51,2026-07-30T09:50:11.288399+00:00,0.405,486.38,642.724,89.581,True,True,True,sbx-ad69165a-16fe-42f5-a93e-c7a943bf0ff3,,
none,10,60,52,2026-07-30T09:50:11.388399+00:00,0.963,383.761,631.759,104.311,True,True,True,sbx-741413c7-f483-40c1-924c-f59e7fcc9c04,,
none,10,60,53,2026-07-30T09:50:11.488399+00:00,0.505,575.163,350.343,87.975,True,True,True,sbx-0e8e1502-bfdc-42fe-90f6-0bc5194e8209,,
none,10,60,54,2026-07-30T09:50:11.588399+00:00,0.748,545.3,387.728,111.327,True,True,True,sbx-14b11053-d418-4337-9224-e1e1c8d18697,,
none,10,60,55,2026-07-30T09:50:11.688399+00:00,0.886,448.484,369.404,125.175,True,True,True,sbx-db56f706-3400-4c49-959e-92461c6c7a1e,,
none,10,60,56,2026-07-30T09:50:11.788399+00:00,0.863,419.078,418.561,184.077,True,True,True,sbx-5ca1777c-696e-4700-a9cd-725e95e89881,,
none,10,60,57,2026-07-30T09:50:11.888399+00:00,0.603,393.838,516.639,125.208,True,True,True,sbx-fb1fd2ab-6df6-47a8-8048-99c14f380824,,
none,10,60,58,2026-07-30T09:50:11.988399+00:00,0.456,517.302,421.799,119.534,True,True,True,sbx-a9dbc538-b994-4f15-b31d-19d65f0ee350,,
none,10,60,59,2026-07-30T09:50:12.088399+00:00,0.813,539.529,501.739,114.598,True,True,True,sbx-9d6123ef-7b59-4387-8ef9-358bf9387095,,
none,10,60,60,2026-07-30T09:50:12.188399+00:00,0.896,330.509,292.99,114.071,True,True,True,sbx-3895c534-6c7f-4e65-9764-12e738525d4e,,
none,10,60,61,2026-07-30T09:50:12.288399+00:00,0.891,521.066,466.262,94.197,True,True,True,sbx-994a0ffa-8bc3-49a3-a240-c23daf83f607,,
none,10,60,62,2026-07-30T09:50:12.388399+00:00,0.896,419.53,336.815,96.869,True,True,True,sbx-6814c3a4-20e0-4b9b-8397-3b966cb80a1a,,
none,10,60,63,2026-07-30T09:50:12.488399+00:00,1.03,563.266,319.04,86.811,True,True,True,sbx-2c6808fa-4247-458d-846e-a32505f3aca9,,
none,10,60,64,2026-07-30T09:50:12.588399+00:00,0.868,538.276,332.617,53.868,True,True,True,sbx-a30bdf94-fca8-4137-9f38-90b108471818,,
none,10,60,65,2026-07-30T09:50:12.688399+00:00,0.893,414.421,350.602,60.774,True,True,True,sbx-e6f9ebc2-12d9-4d68-bd68-66de48e858fe,,
none,10,60,66,2026-07-30T09:50:12.788399+00:00,0.86,340.55,361.24,58.174,True,True,True,sbx-6d207bbe-5aef-466a-ac8f-80d454ec9782,,
none,10,60,67,2026-07-30T09:50:12.888399+00:00,0.894,562.832,215.518,56.806,True,True,True,sbx-91f6ac6e-ea03-410e-a4e9-01a0ea403642,,
none,10,60,68,2026-07-30T09:50:12.988399+00:00,1.057,468.217,227.129,89.294,True,True,True,sbx-95265cbf-d4c3-4232-bc51-f130a3005422,,
none,10,60,69,2026-07-30T09:50:13.088399+00:00,0.851,819.76,288.684,123.304,True,True,True,sbx-d8565905-747a-4676-8a10-7979812a184d,,
none,10,60,70,2026-07-30T09:50:13.188399+00:00,0.897,413.439,304.293,67.823,True,True,True,sbx-15828dce-245f-4edf-acdd-9e406668ee9e,,
none,10,60,71,2026-07-30T09:50:13.288399+00:00,0.612,315.639,366.963,52.598,True,True,True,sbx-3d5f2d6a-b20b-4b31-9a7b-c92a8d2c8094,,
none,10,60,72,2026-07-30T09:50:13.388399+00:00,0.265,519.616,268.568,121.424,True,True,True,sbx-29e7aaed-219a-406a-b45e-2043eb57ca3d,,
none,10,60,73,2026-07-30T09:50:13.488399+00:00,0.485,482.149,325.664,109.393,True,True,True,sbx-ac343149-18ad-4124-9f56-5e9ed10671ad,,
none,10,60,74,2026-07-30T09:50:13.588399+00:00,0.515,384.237,345.949,109.591,True,True,True,sbx-40301259-c336-47ee-b3b7-077d3dd075f4,,
none,10,60,75,2026-07-30T09:50:13.688399+00:00,0.587,607.007,446.224,96.028,True,True,True,sbx-a4e9bb39-b6aa-4d25-b663-a6f1f042a4a5,,
none,10,60,76,2026-07-30T09:50:13.788399+00:00,0.884,385.991,312.299,43.134,True,True,True,sbx-94298721-08e8-4a63-bb73-09b1cc6e8e1e,,
none,10,60,77,2026-07-30T09:50:13.888399+00:00,1.088,309.133,324.032,62.129,True,True,True,sbx-4028244e-e4a3-4cf9-bc1e-a830428d4296,,
none,10,60,78,2026-07-30T09:50:13.988399+00:00,0.892,437.6,317.615,54.959,True,True,True,sbx-23549940-5530-4fc6-8c98-3133407daeab,,
none,10,60,79,2026-07-30T09:50:14.088399+00:00,0.662,367.261,287.401,56.966,True,True,True,sbx-b912d6c5-bde3-4957-933a-e81b393caf1e,,
none,10,60,80,2026-07-30T09:50:14.188399+00:00,0.967,331.302,265.404,158.802,True,True,True,sbx-899271d3-8fb5-4f7f-80f6-3761374f26a8,,
none,10,60,81,2026-07-30T09:50:14.288399+00:00,1.294,432.99,343.186,116.58,True,True,True,sbx-329f19cc-78e4-4177-876c-8e9c97ab7b36,,
none,10,60,82,2026-07-30T09:50:14.388399+00:00,0.887,356.396,271.679,67.172,True,True,True,sbx-a97272c0-2c87-4d1f-b7c5-8f18e362d843,,
none,10,60,83,2026-07-30T09:50:14.488399+00:00,1.104,369.619,323.839,93.679,True,True,True,sbx-7b179f05-0d33-4972-a002-10fdb45b06be,,
none,10,60,84,2026-07-30T09:50:14.588399+00:00,0.378,354.761,236.615,94.014,True,True,True,sbx-67dbede1-c559-4992-8c56-174b9c6b9534,,
none,10,60,85,2026-07-30T09:50:14.688399+00:00,0.617,350.381,262.719,76.601,True,True,True,sbx-952fa152-6fb0-40f1-a4fd-12264525a78f,,
none,10,60,86,2026-07-30T09:50:14.788399+00:00,0.816,389.317,259.017,58.319,True,True,True,sbx-9bd1c809-92dd-4663-a8aa-4ad84f695a93,,
none,10,60,87,2026-07-30T09:50:14.888399+00:00,0.751,436.583,237.788,48.231,True,True,True,sbx-3c726f35-bede-4c16-95dc-0a370fd096c2,,
none,10,60,88,2026-07-30T09:50:14.988399+00:00,0.894,972.306,331.876,73.261,True,True,True,sbx-c9cd6d8d-3538-4e21-9321-f2c50106dcf7,,
none,10,60,89,2026-07-30T09:50:15.088399+00:00,0.72,334.003,204.417,99.258,True,True,True,sbx-c5005b20-0b05-4199-8114-91ef29da8cc5,,
none,10,60,90,2026-07-30T09:50:15.188399+00:00,0.383,419.842,402.163,57.121,True,True,True,sbx-c998ec7a-03eb-4c1d-a9f5-6008a25a74a7,,
none,10,60,91,2026-07-30T09:50:15.288399+00:00,1.026,435.895,318.159,92.275,True,True,True,sbx-458cd592-d5c3-4343-8ebf-205bdd54bcb4,,
none,10,60,92,2026-07-30T09:50:15.388399+00:00,0.234,401.901,248.92,100.756,True,True,True,sbx-33726926-8616-440c-af20-1e9e2620bbb9,,
none,10,60,93,2026-07-30T09:50:15.488399+00:00,1.142,351.493,244.46,55.538,True,True,True,sbx-b64b44b8-bd6e-4cc8-b1ed-c002e522372c,,
none,10,60,94,2026-07-30T09:50:15.588399+00:00,0.268,550.266,450.088,141.731,True,True,True,sbx-8148ea30-33a0-49ae-84d7-08ff8f4cd42f,,
none,10,60,95,2026-07-30T09:50:15.688399+00:00,0.475,353.394,280.45,52.041,True,True,True,sbx-cd11fbe7-9d18-4b7b-aed4-2c8cf8a7a154,,
none,10,60,96,2026-07-30T09:50:15.788399+00:00,0.646,1334.403,546.576,77.21,True,True,True,sbx-37d5aedd-d593-4b8a-8bce-049cd215c1bd,,
none,10,60,97,2026-07-30T09:50:15.888399+00:00,0.865,481.421,264.979,96.896,True,True,True,sbx-ee7bd591-4c0f-47be-aa67-5cc1f83a1238,,
none,10,60,98,2026-07-30T09:50:15.988399+00:00,1.08,2110.64,476.783,189.606,True,True,True,sbx-94e322f0-c87f-4610-aa25-126e295d9fe5,,
none,10,60,99,2026-07-30T09:50:16.088399+00:00,1.038,1113.682,465.449,75.412,True,True,True,sbx-ba330de3-7fd8-417a-bd74-10496ba6f3e6,,
none,10,60,100,2026-07-30T09:50:16.188399+00:00,0.71,297.063,358.012,41.942,True,True,True,sbx-de16da4f-8510-46ec-b4d3-cdb6228cc78c,,
none,10,60,101,2026-07-30T09:50:16.288399+00:00,0.905,491.994,343.293,52.205,True,True,True,sbx-63c26f93-4eec-4d6b-997f-10da682bd323,,
none,10,60,102,2026-07-30T09:50:16.388399+00:00,0.42,850.483,600.665,47.102,True,True,True,sbx-66017617-30a2-4818-93c3-00b555f6c934,,
none,10,60,103,2026-07-30T09:50:16.488399+00:00,0.67,447.555,265.301,99.401,True,True,True,sbx-4c5a59d9-6594-4394-9d50-31ea50195ba6,,
none,10,60,104,2026-07-30T09:50:16.588399+00:00,1.053,1863.201,1390.286,54.517,True,True,True,sbx-3ba2cf5b-e010-4d38-8ef9-4b82c874dd23,,
none,10,60,105,2026-07-30T09:50:16.688399+00:00,0.529,548.959,442.847,65.678,True,True,True,sbx-1cbb2c93-1acb-4221-97fd-b8ec623bd369,,
none,10,60,106,2026-07-30T09:50:16.788399+00:00,0.879,548.545,545.558,46.16,True,True,True,sbx-69f45f42-2284-44ad-b956-716dc8902d76,,
none,10,60,107,2026-07-30T09:50:16.888399+00:00,1.119,445.782,558.533,45.289,True,True,True,sbx-ac365f8c-3bf1-4017-9ca7-2aedc694703d,,
none,10,60,108,2026-07-30T09:50:16.988399+00:00,0.706,425.93,508.694,57.764,True,True,True,sbx-72591863-2ab7-47b7-bc1a-47a56aea75d2,,
none,10,60,109,2026-07-30T09:50:17.088399+00:00,0.997,486.618,2276.702,55.147,True,True,True,sbx-bc445bd8-cb09-4a5e-9dce-ce5b24b14234,,
none,10,60,110,2026-07-30T09:50:17.188399+00:00,1.059,553.011,1407.875,82.963,True,True,True,sbx-8f1aa6b5-8600-4ccf-a263-7d1cd2a1e993,,
none,10,60,111,2026-07-30T09:50:17.288399+00:00,0.428,1258.511,511.139,140.105,True,True,True,sbx-ee36bd41-00ec-49d8-9d3c-010d0fe195f6,,
none,10,60,112,2026-07-30T09:50:17.388399+00:00,1.025,435.856,1440.787,43.968,True,True,True,sbx-b7d02e66-388d-4d08-8f24-f3c143fd806e,,
none,10,60,113,2026-07-30T09:50:17.488399+00:00,1.336,352.093,347.006,114.499,True,True,True,sbx-ca7c9899-f982-4ca8-bfcd-2c2c88b6c5fe,,
none,10,60,114,2026-07-30T09:50:17.588399+00:00,0.318,429.802,447.651,84.024,True,True,True,sbx-33da8c40-094c-4580-9cbe-5186f6e68310,,
none,10,60,115,2026-07-30T09:50:17.688399+00:00,0.252,499.072,476.152,142.992,True,True,True,sbx-4a1dcd49-57b5-4dc5-8157-1e595e871cef,,
none,10,60,116,2026-07-30T09:50:17.788399+00:00,0.921,758.966,491.802,58.355,True,True,True,sbx-8c7a18f9-bb0d-4454-ab4f-4dc254f57cea,,
none,10,60,117,2026-07-30T09:50:17.888399+00:00,0.517,536.017,633.985,138.362,True,True,True,sbx-d1f13d3a-fa89-4478-b5ec-f0ff4552fc5e,,
none,10,60,118,2026-07-30T09:50:17.988399+00:00,0.281,434.643,480.919,91.987,True,True,True,sbx-81d0e280-e4ae-4e31-bc3f-bdceac6fe4fc,,
none,10,60,119,2026-07-30T09:50:18.088399+00:00,0.867,376.514,2415.442,84.675,True,True,True,sbx-ae8d1938-8f40-4d3e-80fc-a5c924ba98de,,
none,10,60,120,2026-07-30T09:50:18.188399+00:00,0.805,587.031,1349.649,59.952,True,True,True,sbx-3b48171e-622e-45be-8a7d-2c74cc74d318,,
none,10,60,121,2026-07-30T09:50:18.288399+00:00,0.998,545.44,461.88,85.11,True,True,True,sbx-0130da66-3f7d-4b67-a416-fa54a8005a04,,
none,10,60,122,2026-07-30T09:50:18.388399+00:00,0.307,436.974,2309.852,49.019,True,True,True,sbx-c3d20f58-aec9-430c-8991-c5bfbafb2172,,
none,10,60,123,2026-07-30T09:50:18.488399+00:00,0.893,496.351,1276.218,50.767,True,True,True,sbx-99b2889a-63aa-4718-9269-57e839055f78,,
none,10,60,124,2026-07-30T09:50:18.588399+00:00,0.325,482.849,391.869,55.597,True,True,True,sbx-880ef189-14a5-47c8-bcb6-eb20d06e0b85,,
none,10,60,125,2026-07-30T09:50:18.688399+00:00,0.9,1616.739,273.717,142.018,True,True,True,sbx-220fd755-7b89-433d-bc0e-d5888aff1289,,
none,10,60,126,2026-07-30T09:50:18.788399+00:00,0.246,476.164,312.213,106.705,True,True,True,sbx-ab645b2a-7340-4ba0-8ee1-a5bedc5af84f,,
none,10,60,127,2026-07-30T09:50:18.888399+00:00,0.778,483.249,309.729,48.677,True,True,True,sbx-429c2dac-2178-4d51-8e4c-b6577c7b21b4,,
none,10,60,128,2026-07-30T09:50:18.988399+00:00,1.101,449.831,408.508,57.63,True,True,True,sbx-89c9e38e-71e1-413b-9564-fc87d2d57561,,
none,10,60,129,2026-07-30T09:50:19.088399+00:00,1.013,453.366,1427.158,59.78,True,True,True,sbx-4fe6ad60-5500-4f5d-9058-bfe4c4f45750,,
none,10,60,130,2026-07-30T09:50:19.188399+00:00,0.904,328.635,1346.423,76.959,True,True,True,sbx-f6858222-11fd-4606-a376-18df20ba97c5,,
none,10,60,131,2026-07-30T09:50:19.288399+00:00,1.324,318.206,1361.579,61.528,True,True,True,sbx-5d3ba6d0-2f7e-42e6-8593-332d77cc89b2,,
none,10,60,132,2026-07-30T09:50:19.388399+00:00,0.782,467.943,248.743,47.52,True,True,True,sbx-6361303e-03bc-40ce-909e-378290d8c1e4,,
none,10,60,133,2026-07-30T09:50:19.488399+00:00,0.221,336.348,206.033,45.836,True,True,True,sbx-2958dc26-8a8b-4ab4-b0ce-26cd544dcc29,,
none,10,60,134,2026-07-30T09:50:19.588399+00:00,0.571,331.838,1351.025,101.439,True,True,True,sbx-a2c75067-7256-4913-bb7d-9ce06f2b014c,,
none,10,60,135,2026-07-30T09:50:19.688399+00:00,1.093,1994.858,266.232,62.839,True,True,True,sbx-bb9544d6-2e02-4980-a9fe-4f1c8e51f44b,,
none,10,60,136,2026-07-30T09:50:19.788399+00:00,0.906,365.224,258.246,57.378,True,True,True,sbx-c8a5bef0-afbe-4337-be35-13d6501d8f72,,
none,10,60,137,2026-07-30T09:50:19.888399+00:00,1.2,491.885,371.082,54.043,True,True,True,sbx-0778460c-770c-430c-96b4-fe16f718eee6,,
none,10,60,138,2026-07-30T09:50:19.988399+00:00,0.743,446.76,446.974,79.516,True,True,True,sbx-2b963e8d-0de4-48ae-9281-914b175fab65,,
none,10,60,139,2026-07-30T09:50:20.088399+00:00,0.551,345.622,319.361,54.609,True,True,True,sbx-54289124-31c1-42ea-8661-6f65fb1d22ba,,
none,10,60,140,2026-07-30T09:50:20.188399+00:00,0.568,350.478,341.119,83.673,True,True,True,sbx-4ecb758f-f2b0-4667-8b1c-2cc3c2e88be2,,
none,10,60,141,2026-07-30T09:50:20.288399+00:00,1.087,893.364,480.574,48.472,True,True,True,sbx-5800eb17-822a-4d46-ab4e-9bb23537057b,,
none,10,60,142,2026-07-30T09:50:20.388399+00:00,0.878,473.793,333.606,73.989,True,True,True,sbx-be40c049-7d3e-47f9-8109-f2690984d7e3,,
none,10,60,143,2026-07-30T09:50:20.488399+00:00,0.227,319.505,310.646,54.474,True,True,True,sbx-ab77255c-9514-4880-a98f-74c6af649681,,
none,10,60,144,2026-07-30T09:50:20.588399+00:00,0.487,379.23,355.825,337.445,True,True,True,sbx-af7e42b6-05e2-42d0-86e9-75816f4dbdf7,,
none,10,60,145,2026-07-30T09:50:20.688399+00:00,0.843,428.835,538.363,54.361,True,True,True,sbx-6d09db3f-57bd-4bf8-a5ba-f946a04a060e,,
none,10,60,146,2026-07-30T09:50:20.788399+00:00,0.899,408.092,465.074,45.993,True,True,True,sbx-ff23d4c1-460f-4202-b9f5-bd21af0a5543,,
none,10,60,147,2026-07-30T09:50:20.888399+00:00,0.767,372.169,479.524,66.37,True,True,True,sbx-bc841bc1-8088-41c4-91a3-0ae6d7135511,,
none,10,60,148,2026-07-30T09:50:20.988399+00:00,1.378,381.159,489.676,92.119,True,True,True,sbx-45ea2ce9-9ec3-4367-bd17-bc753b73a1c7,,
none,10,60,149,2026-07-30T09:50:21.088399+00:00,0.886,569.125,292.385,63.267,True,True,True,sbx-3e10c6f2-ce6f-41d6-8d60-f6f976f17397,,
none,10,60,150,2026-07-30T09:50:21.188399+00:00,0.577,1359.268,292.311,186.438,True,True,True,sbx-5b1ced8b-cc66-4201-a347-24d3d7167940,,
none,10,60,151,2026-07-30T09:50:21.288399+00:00,1.391,392.189,266.808,63.79,True,True,True,sbx-11ca39a0-d262-4c17-8656-d6761ca25615,,
none,10,60,152,2026-07-30T09:50:21.388399+00:00,0.891,323.845,238.287,54.414,True,True,True,sbx-56e8a59e-1271-49bc-bb21-c2c7cd04e827,,
none,10,60,153,2026-07-30T09:50:21.488399+00:00,1.261,1079.338,454.566,67.155,True,True,True,sbx-a80cf981-7a15-4049-9b53-bea6d80f4946,,
none,10,60,154,2026-07-30T09:50:21.588399+00:00,0.66,442.339,232.239,80.372,True,True,True,sbx-46585d83-021a-4aec-ad29-0e939c6f07e1,,
none,10,60,155,2026-07-30T09:50:21.688399+00:00,1.573,354.192,219.871,81.389,True,True,True,sbx-0d95a16a-bbf0-4ba3-b913-b1a06c97604c,,
none,10,60,156,2026-07-30T09:50:21.788399+00:00,0.899,340.315,370.881,53.086,True,True,True,sbx-178b372a-3da2-4201-a6a3-9024696ea7be,,
none,10,60,157,2026-07-30T09:50:21.888399+00:00,0.878,372.859,239.237,60.566,True,True,True,sbx-beeb5870-5ff7-4008-b8d3-399d1b55ffdb,,
none,10,60,158,2026-07-30T09:50:21.988399+00:00,0.66,637.616,441.14,46.755,True,True,True,sbx-d375d7c2-5f68-4c70-a280-8996254e992d,,
none,10,60,159,2026-07-30T09:50:22.088399+00:00,0.912,410.115,306.472,44.744,True,True,True,sbx-2c589440-e0f7-44b9-982f-90afdae25578,,
none,10,60,160,2026-07-30T09:50:22.188399+00:00,0.938,357.831,357.677,121.154,True,True,True,sbx-3884bcb6-7ee5-4f2f-bf85-9db93e34d372,,
none,10,60,161,2026-07-30T09:50:22.288399+00:00,0.533,432.237,305.433,41.884,True,True,True,sbx-6648e72b-3b1d-415f-bdb9-50256396071e,,
none,10,60,162,2026-07-30T09:50:22.388399+00:00,0.5,387.675,372.226,49.967,True,True,True,sbx-2aaf0ab1-dec1-4e84-87a1-1c49bf545fec,,
none,10,60,163,2026-07-30T09:50:22.488399+00:00,0.181,343.917,506.709,54.082,True,True,True,sbx-09c19700-ecdc-4985-b782-3f4a2f43fd1c,,
none,10,60,164,2026-07-30T09:50:22.588399+00:00,0.331,559.558,299.317,84.083,True,True,True,sbx-8b76c858-fde7-4457-be31-657c5b821850,,
none,10,60,165,2026-07-30T09:50:22.688399+00:00,0.882,460.916,292.926,87.023,True,True,True,sbx-0071f676-49e5-445e-b1aa-703a2e4d2176,,
none,10,60,166,2026-07-30T09:50:22.788399+00:00,0.903,363.246,294.412,84.106,True,True,True,sbx-601bc92b-abd0-4e5d-bc86-dc96f3d474ad,,
none,10,60,167,2026-07-30T09:50:22.888399+00:00,0.891,1894.832,288.2,45.417,True,True,True,sbx-abdc3a1e-bb48-46ac-a601-344cd8f585d1,,
none,10,60,168,2026-07-30T09:50:22.988399+00:00,0.774,582.921,256.65,81.328,True,True,True,sbx-fd4d73ad-8479-475f-9be6-2aa2fdb3460d,,
none,10,60,169,2026-07-30T09:50:23.088399+00:00,0.42,,,,False,False,True,,SandboxException,"400: failed to create FC session: ERR_BAD_REQUEST: code: 429, Scaling limit exceeded，burst: 300, refill rate: 5/s request id: 865c1fe6-0c0c-4d91-ab93-9f88bab77d84 (SDKError:    StatusCode: 429    Code: ResourceExhausted    Message: code: 429, Scaling limit exceeded，burst: 300, refill rate: 5/s request id: 865c1fe6-0c0c-4d91-ab93-9f88bab77d84    Data: {""Code"":""ResourceExhausted"",""Message"":""Scaling limit exceeded，burst: 300, refill rate: 5/s"",""RequestId"":""865c1fe6-0c0c-4d91-ab93-9f88bab77d84""} )"
none,10,60,170,2026-07-30T09:50:23.188399+00:00,0.204,,,,False,False,True,,SandboxException,"400: failed to create FC session: ERR_BAD_REQUEST: code: 429, Scaling limit exceeded，burst: 300, refill rate: 5/s request id: 795f9773-2a65-4ea9-9cb9-99b762c22388 (SDKError:    StatusCode: 429    Code: ResourceExhausted    Message: code: 429, Scaling limit exceeded，burst: 300, refill rate: 5/s request id: 795f9773-2a65-4ea9-9cb9-99b762c22388    Data: {""Code"":""ResourceExhausted"",""Message"":""Scaling limit exceeded，burst: 300, refill rate: 5/s"",""RequestId"":""795f9773-2a65-4ea9-9cb9-99b762c22388""} )"
none,10,60,171,2026-07-30T09:50:23.288399+00:00,0.386,1639.835,252.253,110.413,True,True,True,sbx-5c3e7d58-47a0-40a1-97dd-6db9fa79c473,,
none,10,60,172,2026-07-30T09:50:23.388399+00:00,0.914,,,,False,False,True,,SandboxException,"400: failed to create FC session: ERR_BAD_REQUEST: code: 429, Scaling limit exceeded，burst: 300, refill rate: 5/s request id: f7fe4fbf-f877-429d-be62-72951074c03f (SDKError:    StatusCode: 429    Code: ResourceExhausted    Message: code: 429, Scaling limit exceeded，burst: 300, refill rate: 5/s request id: f7fe4fbf-f877-429d-be62-72951074c03f    Data: {""Code"":""ResourceExhausted"",""Message"":""Scaling limit exceeded，burst: 300, refill rate: 5/s"",""RequestId"":""f7fe4fbf-f877-429d-be62-72951074c03f""} )"
none,10,60,173,2026-07-30T09:50:23.488399+00:00,1.352,,,,False,False,True,,SandboxException,"400: failed to create FC session: ERR_BAD_REQUEST: code: 429, Scaling limit exceeded，burst: 300, refill rate: 5/s request id: 6465566f-1b1e-4f67-b23c-6bf9f2a21c08 (SDKError:    StatusCode: 429    Code: ResourceExhausted    Message: code: 429, Scaling limit exceeded，burst: 300, refill rate: 5/s request id: 6465566f-1b1e-4f67-b23c-6bf9f2a21c08    Data: {""Code"":""ResourceExhausted"",""Message"":""Scaling limit exceeded，burst: 300, refill rate: 5/s"",""RequestId"":""6465566f-1b1e-4f67-b23c-6bf9f2a21c08""} )"
none,10,60,174,2026-07-30T09:50:23.588399+00:00,0.494,677.975,214.511,45.575,True,True,True,sbx-6dd4c279-cc5b-466e-af27-9f81edb32af0,,
none,10,60,175,2026-07-30T09:50:23.688399+00:00,0.641,1371.724,273.348,58.258,True,True,True,sbx-b58f778a-8eb5-49e6-8de6-3d1fc57fb7a3,,
none,10,60,176,2026-07-30T09:50:23.788399+00:00,0.882,517.756,263.729,44.42,True,True,True,sbx-38e77067-68df-4233-9668-07a463d683ed,,
none,10,60,177,2026-07-30T09:50:23.888399+00:00,0.875,376.179,205.976,44.519,True,True,True,sbx-6d1f73b8-1bec-46a5-858c-42a3d9fdb52d,,
none,10,60,178,2026-07-30T09:50:23.988399+00:00,0.895,,,,False,False,True,,SandboxException,"400: failed to create FC session: ERR_BAD_REQUEST: code: 429, Scaling limit exceeded，burst: 300, refill rate: 5/s request id: e9c6f179-405f-461e-8d93-3bcbf745e0e5 (SDKError:    StatusCode: 429    Code: ResourceExhausted    Message: code: 429, Scaling limit exceeded，burst: 300, refill rate: 5/s request id: e9c6f179-405f-461e-8d93-3bcbf745e0e5    Data: {""Code"":""ResourceExhausted"",""Message"":""Scaling limit exceeded，burst: 300, refill rate: 5/s"",""RequestId"":""e9c6f179-405f-461e-8d93-3bcbf745e0e5""} )"
none,10,60,179,2026-07-30T09:50:24.088399+00:00,1.017,1037.7,223.037,46.683,True,True,True,sbx-7c255c55-5e51-4b89-86de-ef8ea9ecac88,,
none,10,60,180,2026-07-30T09:50:24.188399+00:00,0.292,,,,False,False,True,,SandboxException,"400: failed to create FC session: ERR_BAD_REQUEST: code: 429, Scaling limit exceeded，burst: 300, refill rate: 5/s request id: 5088b187-4ee7-4557-aec2-534d45deb58d (SDKError:    StatusCode: 429    Code: ResourceExhausted    Message: code: 429, Scaling limit exceeded，burst: 300, refill rate: 5/s request id: 5088b187-4ee7-4557-aec2-534d45deb58d    Data: {""Code"":""ResourceExhausted"",""Message"":""Scaling limit exceeded，burst: 300, refill rate: 5/s"",""RequestId"":""5088b187-4ee7-4557-aec2-534d45deb58d""} )"
none,10,60,181,2026-07-30T09:50:24.288399+00:00,0.23,,,,False,False,True,,SandboxException,"400: failed to create FC session: ERR_BAD_REQUEST: code: 429, Scaling limit exceeded，burst: 300, refill rate: 5/s request id: 8d3441c2-175c-4532-b5e2-559a67bd5089 (SDKError:    StatusCode: 429    Code: ResourceExhausted    Message: code: 429, Scaling limit exceeded，burst: 300, refill rate: 5/s request id: 8d3441c2-175c-4532-b5e2-559a67bd5089    Data: {""Code"":""ResourceExhausted"",""Message"":""Scaling limit exceeded，burst: 300, refill rate: 5/s"",""RequestId"":""8d3441c2-175c-4532-b5e2-559a67bd5089""} )"
none,10,60,182,2026-07-30T09:50:24.388399+00:00,0.815,,,,False,False,True,,SandboxException,"400: failed to create FC session: ERR_BAD_REQUEST: code: 429, Scaling limit exceeded，burst: 300, refill rate: 5/s request id: 47b33515-37ed-46e3-a8f8-3bd85eb07159 (SDKError:    StatusCode: 429    Code: ResourceExhausted    Message: code: 429, Scaling limit exceeded，burst: 300, refill rate: 5/s request id: 47b33515-37ed-46e3-a8f8-3bd85eb07159    Data: {""Code"":""ResourceExhausted"",""Message"":""Scaling limit exceeded，burst: 300, refill rate: 5/s"",""RequestId"":""47b33515-37ed-46e3-a8f8-3bd85eb07159""} )"
none,10,60,183,2026-07-30T09:50:24.488399+00:00,0.809,643.48,302.913,38.701,True,True,True,sbx-fe6954e2-30fe-415a-acad-eaa862ff4a1f,,
none,10,60,184,2026-07-30T09:50:24.588399+00:00,0.652,546.662,302.575,46.809,True,True,True,sbx-d2cb5231-11d5-4f66-8950-5801c23e5f22,,
none,10,60,185,2026-07-30T09:50:24.688399+00:00,0.22,444.792,228.043,57.141,True,True,True,sbx-ff120f38-8620-4a29-b3aa-ba5fbd241dcc,,
none,10,60,186,2026-07-30T09:50:24.788399+00:00,0.874,501.237,287.973,59.976,True,True,True,sbx-68298186-86ec-4092-810e-58d828a41a80,,
none,10,60,187,2026-07-30T09:50:24.888399+00:00,0.167,,,,False,False,True,,SandboxException,"400: failed to create FC session: ERR_BAD_REQUEST: code: 429, Scaling limit exceeded，burst: 300, refill rate: 5/s request id: 11c1eda7-f0ab-41ae-a09d-8c45c1c757d3 (SDKError:    StatusCode: 429    Code: ResourceExhausted    Message: code: 429, Scaling limit exceeded，burst: 300, refill rate: 5/s request id: 11c1eda7-f0ab-41ae-a09d-8c45c1c757d3    Data: {""Code"":""ResourceExhausted"",""Message"":""Scaling limit exceeded，burst: 300, refill rate: 5/s"",""RequestId"":""11c1eda7-f0ab-41ae-a09d-8c45c1c757d3""} )"
none,10,60,188,2026-07-30T09:50:24.988399+00:00,0.9,,,,False,False,True,,SandboxException,"400: failed to create FC session: ERR_BAD_REQUEST: code: 429, Scaling limit exceeded，burst: 300, refill rate: 5/s request id: e9de666e-5da8-424b-a27d-459b10bbcb1c (SDKError:    StatusCode: 429    Code: ResourceExhausted    Message: code: 429, Scaling limit exceeded，burst: 300, refill rate: 5/s request id: e9de666e-5da8-424b-a27d-459b10bbcb1c    Data: {""Code"":""ResourceExhausted"",""Message"":""Scaling limit exceeded，burst: 300, refill rate: 5/s"",""RequestId"":""e9de666e-5da8-424b-a27d-459b10bbcb1c""} )"
none,10,60,189,2026-07-30T09:50:25.088399+00:00,0.903,,,,False,False,True,,SandboxException,"400: failed to create FC session: ERR_BAD_REQUEST: code: 429, Scaling limit exceeded，burst: 300, refill rate: 5/s request id: 903b36b2-31dd-4e35-924f-b30d332cacb0 (SDKError:    StatusCode: 429    Code: ResourceExhausted    Message: code: 429, Scaling limit exceeded，burst: 300, refill rate: 5/s request id: 903b36b2-31dd-4e35-924f-b30d332cacb0    Data: {""Code"":""ResourceExhausted"",""Message"":""Scaling limit exceeded，burst: 300, refill rate: 5/s"",""RequestId"":""903b36b2-31dd-4e35-924f-b30d332cacb0""} )"
none,10,60,190,2026-07-30T09:50:25.188399+00:00,0.259,1089.49,407.011,100.058,True,True,True,sbx-8cde7d69-a11f-411d-a1f3-a2b06c0b5e1d,,
none,10,60,191,2026-07-30T09:50:25.288399+00:00,0.441,,,,False,False,True,,SandboxException,"400: failed to create FC session: ERR_BAD_REQUEST: code: 429, Scaling limit exceeded，burst: 300, refill rate: 5/s request id: 24f56ce0-8d88-47c0-afb5-5ad82b3f7f30 (SDKError:    StatusCode: 429    Code: ResourceExhausted    Message: code: 429, Scaling limit exceeded，burst: 300, refill rate: 5/s request id: 24f56ce0-8d88-47c0-afb5-5ad82b3f7f30    Data: {""Code"":""ResourceExhausted"",""Message"":""Scaling limit exceeded，burst: 300, refill rate: 5/s"",""RequestId"":""24f56ce0-8d88-47c0-afb5-5ad82b3f7f30""} )"
none,10,60,192,2026-07-30T09:50:25.388399+00:00,1.749,,,,False,False,True,,SandboxException,"400: failed to create FC session: ERR_BAD_REQUEST: code: 429, Scaling limit exceeded，burst: 300, refill rate: 5/s request id: 8b864385-1a44-439b-aa75-0c5b89fd78a7 (SDKError:    StatusCode: 429    Code: ResourceExhausted    Message: code: 429, Scaling limit exceeded，burst: 300, refill rate: 5/s request id: 8b864385-1a44-439b-aa75-0c5b89fd78a7    Data: {""Code"":""ResourceExhausted"",""Message"":""Scaling limit exceeded，burst: 300, refill rate: 5/s"",""RequestId"":""8b864385-1a44-439b-aa75-0c5b89fd78a7""} )"
none,10,60,193,2026-07-30T09:50:25.488399+00:00,0.211,,,,False,False,True,,SandboxException,"400: failed to create FC session: ERR_BAD_REQUEST: code: 429, Scaling limit exceeded，burst: 300, refill rate: 5/s request id: 123383d7-77bf-40fb-b5bb-d4eeb1ee4015 (SDKError:    StatusCode: 429    Code: ResourceExhausted    Message: code: 429, Scaling limit exceeded，burst: 300, refill rate: 5/s request id: 123383d7-77bf-40fb-b5bb-d4eeb1ee4015    Data: {""Code"":""ResourceExhausted"",""Message"":""Scaling limit exceeded，burst: 300, refill rate: 5/s"",""RequestId"":""123383d7-77bf-40fb-b5bb-d4eeb1ee4015""} )"
none,10,60,194,2026-07-30T09:50:25.588399+00:00,0.429,558.775,374.341,50.218,True,True,True,sbx-04eaa22b-341c-4a23-98b2-b6e0074afdef,,
none,10,60,195,2026-07-30T09:50:25.688399+00:00,0.554,515.798,321.148,43.837,True,True,True,sbx-d67032d2-3e23-4aa7-91bd-8289753cc5be,,
none,10,60,196,2026-07-30T09:50:25.788399+00:00,1.32,386.242,346.211,43.591,True,True,True,sbx-df1aa496-7233-4644-845e-7f603237de6a,,
none,10,60,197,2026-07-30T09:50:25.888399+00:00,0.886,371.672,260.215,40.331,True,True,True,sbx-1438180a-a558-4479-8551-a95e89c6410c,,
none,10,60,198,2026-07-30T09:50:25.988399+00:00,0.4,,,,False,False,True,,SandboxException,"400: failed to create FC session: ERR_BAD_REQUEST: code: 429, Scaling limit exceeded，burst: 300, refill rate: 5/s request id: 69860ce3-f80f-4439-bb8b-53f0b627e016 (SDKError:    StatusCode: 429    Code: ResourceExhausted    Message: code: 429, Scaling limit exceeded，burst: 300, refill rate: 5/s request id: 69860ce3-f80f-4439-bb8b-53f0b627e016    Data: {""Code"":""ResourceExhausted"",""Message"":""Scaling limit exceeded，burst: 300, refill rate: 5/s"",""RequestId"":""69860ce3-f80f-4439-bb8b-53f0b627e016""} )"
none,10,60,199,2026-07-30T09:50:26.088399+00:00,0.887,,,,False,False,True,,SandboxException,"400: failed to create FC session: ERR_BAD_REQUEST: code: 429, Scaling limit exceeded，burst: 300, refill rate: 5/s request id: d12441aa-7120-4c9b-b5ed-f47b4c2cb262 (SDKError:    StatusCode: 429    Code: ResourceExhausted    Message: code: 429, Scaling limit exceeded，burst: 300, refill rate: 5/s request id: d12441aa-7120-4c9b-b5ed-f47b4c2cb262    Data: {""Code"":""ResourceExhausted"",""Message"":""Scaling limit exceeded，burst: 300, refill rate: 5/s"",""RequestId"":""d12441aa-7120-4c9b-b5ed-f47b4c2cb262""} )"
none,10,60,200,2026-07-30T09:50:26.188399+00:00,0.89,,,,False,False,True,,SandboxException,"400: failed to create FC session: ERR_BAD_REQUEST: code: 429, Scaling limit exceeded，burst: 300, refill rate: 5/s request id: 780de275-ac8d-45e2-b9fc-7f72fa0801b0 (SDKError:    StatusCode: 429    Code: ResourceExhausted    Message: code: 429, Scaling limit exceeded，burst: 300, refill rate: 5/s request id: 780de275-ac8d-45e2-b9fc-7f72fa0801b0    Data: {""Code"":""ResourceExhausted"",""Message"":""Scaling limit exceeded，burst: 300, refill rate: 5/s"",""RequestId"":""780de275-ac8d-45e2-b9fc-7f72fa0801b0""} )"
none,10,60,201,2026-07-30T09:50:26.288399+00:00,0.465,,,,False,False,True,,SandboxException,"400: failed to create FC session: ERR_BAD_REQUEST: code: 429, Scaling limit exceeded，burst: 300, refill rate: 5/s request id: 42ce8602-db8b-4dfb-bc5d-14d8e94b412b (SDKError:    StatusCode: 429    Code: ResourceExhausted    Message: code: 429, Scaling limit exceeded，burst: 300, refill rate: 5/s request id: 42ce8602-db8b-4dfb-bc5d-14d8e94b412b    Data: {""Code"":""ResourceExhausted"",""Message"":""Scaling limit exceeded，burst: 300, refill rate: 5/s"",""RequestId"":""42ce8602-db8b-4dfb-bc5d-14d8e94b412b""} )"
none,10,60,202,2026-07-30T09:50:26.388399+00:00,0.741,1057.74,237.776,59.784,True,True,True,sbx-66e56ec5-4113-4163-8406-6c9c663b0fa5,,
none,10,60,203,2026-07-30T09:50:26.488399+00:00,0.778,,,,False,False,True,,SandboxException,"400: failed to create FC session: ERR_BAD_REQUEST: code: 429, Scaling limit exceeded，burst: 300, refill rate: 5/s request id: aa338d1c-f463-4139-8615-743bb1723732 (SDKError:    StatusCode: 429    Code: ResourceExhausted    Message: code: 429, Scaling limit exceeded，burst: 300, refill rate: 5/s request id: aa338d1c-f463-4139-8615-743bb1723732    Data: {""Code"":""ResourceExhausted"",""Message"":""Scaling limit exceeded，burst: 300, refill rate: 5/s"",""RequestId"":""aa338d1c-f463-4139-8615-743bb1723732""} )"
none,10,60,204,2026-07-30T09:50:26.588399+00:00,0.666,,,,False,False,True,,SandboxException,"400: failed to create FC session: ERR_BAD_REQUEST: code: 429, Scaling limit exceeded，burst: 300, refill rate: 5/s request id: 85a7c326-c140-41d9-83e0-6e36a848da65 (SDKError:    StatusCode: 429    Code: ResourceExhausted    Message: code: 429, Scaling limit exceeded，burst: 300, refill rate: 5/s request id: 85a7c326-c140-41d9-83e0-6e36a848da65    Data: {""Code"":""ResourceExhausted"",""Message"":""Scaling limit exceeded，burst: 300, refill rate: 5/s"",""RequestId"":""85a7c326-c140-41d9-83e0-6e36a848da65""} )"
none,10,60,205,2026-07-30T09:50:26.688399+00:00,0.889,,,,False,False,True,,SandboxException,"400: failed to create FC session: ERR_BAD_REQUEST: code: 429, Scaling limit exceeded，burst: 300, refill rate: 5/s request id: 061042b6-7191-40cd-8518-38f6929485e8 (SDKError:    StatusCode: 429    Code: ResourceExhausted    Message: code: 429, Scaling limit exceeded，burst: 300, refill rate: 5/s request id: 061042b6-7191-40cd-8518-38f6929485e8    Data: {""Code"":""ResourceExhausted"",""Message"":""Scaling limit exceeded，burst: 300, refill rate: 5/s"",""RequestId"":""061042b6-7191-40cd-8518-38f6929485e8""} )"
none,10,60,206,2026-07-30T09:50:26.788399+00:00,0.346,645.907,238.41,69.491,True,True,True,sbx-d0b1f2e8-bdb2-4434-892b-8d195ba64064,,
none,10,60,207,2026-07-30T09:50:26.888399+00:00,0.823,320.745,250.822,46.879,True,True,True,sbx-185cf42e-cfde-4c13-8bfd-58cff048b8aa,,
none,10,60,208,2026-07-30T09:50:26.988399+00:00,0.589,374.465,260.825,49.441,True,True,True,sbx-b91610ba-60bb-45f4-98b1-fe349d6b8d1b,,
none,10,60,209,2026-07-30T09:50:27.088399+00:00,0.878,350.531,305.128,55.339,True,True,True,sbx-a7ee6c36-b630-496c-afc8-aae2b7b2d6f0,,
none,10,60,210,2026-07-30T09:50:27.188399+00:00,1.12,,,,False,False,True,,SandboxException,"400: failed to create FC session: ERR_BAD_REQUEST: code: 429, Scaling limit exceeded，burst: 300, refill rate: 5/s request id: 9f3631dc-f2ff-4b52-8219-60bde5c206e1 (SDKError:    StatusCode: 429    Code: ResourceExhausted    Message: code: 429, Scaling limit exceeded，burst: 300, refill rate: 5/s request id: 9f3631dc-f2ff-4b52-8219-60bde5c206e1    Data: {""Code"":""ResourceExhausted"",""Message"":""Scaling limit exceeded，burst: 300, refill rate: 5/s"",""RequestId"":""9f3631dc-f2ff-4b52-8219-60bde5c206e1""} )"
none,10,60,211,2026-07-30T09:50:27.288399+00:00,0.98,,,,False,False,True,,SandboxException,"400: failed to create FC session: ERR_BAD_REQUEST: code: 429, Scaling limit exceeded，burst: 300, refill rate: 5/s request id: a10b939f-2c8f-46da-859f-d52ad39c054c (SDKError:    StatusCode: 429    Code: ResourceExhausted    Message: code: 429, Scaling limit exceeded，burst: 300, refill rate: 5/s request id: a10b939f-2c8f-46da-859f-d52ad39c054c    Data: {""Code"":""ResourceExhausted"",""Message"":""Scaling limit exceeded，burst: 300, refill rate: 5/s"",""RequestId"":""a10b939f-2c8f-46da-859f-d52ad39c054c""} )"
none,10,60,212,2026-07-30T09:50:27.388399+00:00,1.074,1289.552,296.259,42.773,True,True,True,sbx-47e710ca-73f4-4a73-9e51-396f0d6432c3,,
none,10,60,213,2026-07-30T09:50:27.488399+00:00,0.569,1036.558,320.764,42.412,True,True,True,sbx-6fe1d374-feec-4e82-bcdb-43c26e6e1281,,
none,10,60,214,2026-07-30T09:50:27.588399+00:00,0.279,,,,False,False,True,,SandboxException,"400: failed to create FC session: ERR_BAD_REQUEST: code: 429, Scaling limit exceeded，burst: 300, refill rate: 5/s request id: 36a2e8d9-03ea-4b28-b301-e372a5eebdac (SDKError:    StatusCode: 429    Code: ResourceExhausted    Message: code: 429, Scaling limit exceeded，burst: 300, refill rate: 5/s request id: 36a2e8d9-03ea-4b28-b301-e372a5eebdac    Data: {""Code"":""ResourceExhausted"",""Message"":""Scaling limit exceeded，burst: 300, refill rate: 5/s"",""RequestId"":""36a2e8d9-03ea-4b28-b301-e372a5eebdac""} )"
none,10,60,215,2026-07-30T09:50:27.688399+00:00,1.292,,,,False,False,True,,SandboxException,"400: failed to create FC session: ERR_BAD_REQUEST: code: 429, Scaling limit exceeded，burst: 300, refill rate: 5/s request id: 4ade87d1-aa75-47b1-885a-b7406933cae4 (SDKError:    StatusCode: 429    Code: ResourceExhausted    Message: code: 429, Scaling limit exceeded，burst: 300, refill rate: 5/s request id: 4ade87d1-aa75-47b1-885a-b7406933cae4    Data: {""Code"":""ResourceExhausted"",""Message"":""Scaling limit exceeded，burst: 300, refill rate: 5/s"",""RequestId"":""4ade87d1-aa75-47b1-885a-b7406933cae4""} )"
none,10,60,216,2026-07-30T09:50:27.788399+00:00,0.911,523.564,197.394,46.064,True,True,True,sbx-858cad8d-ba3e-460a-8ca5-d740eb18222d,,
none,10,60,217,2026-07-30T09:50:27.888399+00:00,0.438,689.683,396.029,40.652,True,True,True,sbx-5b7f7dbb-8200-474f-aa90-e75b11af87f8,,
none,10,60,218,2026-07-30T09:50:27.988399+00:00,0.622,,,,False,False,True,,SandboxException,"400: failed to create FC session: ERR_BAD_REQUEST: code: 429, Scaling limit exceeded，burst: 300, refill rate: 5/s request id: bdebaa06-a6af-4a78-8752-343688720bea (SDKError:    StatusCode: 429    Code: ResourceExhausted    Message: code: 429, Scaling limit exceeded，burst: 300, refill rate: 5/s request id: bdebaa06-a6af-4a78-8752-343688720bea    Data: {""Code"":""ResourceExhausted"",""Message"":""Scaling limit exceeded，burst: 300, refill rate: 5/s"",""RequestId"":""bdebaa06-a6af-4a78-8752-343688720bea""} )"
none,10,60,219,2026-07-30T09:50:28.088399+00:00,0.912,377.791,213.471,36.532,True,True,True,sbx-79f5a709-2108-4f5d-bc6e-ddf6e70207e1,,
none,10,60,220,2026-07-30T09:50:28.188399+00:00,1.08,,,,False,False,True,,SandboxException,"400: failed to create FC session: ERR_BAD_REQUEST: code: 429, Scaling limit exceeded，burst: 300, refill rate: 5/s request id: db455788-98ae-4cc5-a4bc-eb8002d12c8e (SDKError:    StatusCode: 429    Code: ResourceExhausted    Message: code: 429, Scaling limit exceeded，burst: 300, refill rate: 5/s request id: db455788-98ae-4cc5-a4bc-eb8002d12c8e    Data: {""Code"":""ResourceExhausted"",""Message"":""Scaling limit exceeded，burst: 300, refill rate: 5/s"",""RequestId"":""db455788-98ae-4cc5-a4bc-eb8002d12c8e""} )"
none,10,60,221,2026-07-30T09:50:28.288399+00:00,0.757,,,,False,False,True,,SandboxException,"400: failed to create FC session: ERR_BAD_REQUEST: code: 429, Scaling limit exceeded，burst: 300, refill rate: 5/s request id: f3754873-9fc2-4588-af71-4edf110ac00d (SDKError:    StatusCode: 429    Code: ResourceExhausted    Message: code: 429, Scaling limit exceeded，burst: 300, refill rate: 5/s request id: f3754873-9fc2-4588-af71-4edf110ac00d    Data: {""Code"":""ResourceExhausted"",""Message"":""Scaling limit exceeded，burst: 300, refill rate: 5/s"",""RequestId"":""f3754873-9fc2-4588-af71-4edf110ac00d""} )"
none,10,60,222,2026-07-30T09:50:28.388399+00:00,0.224,,,,False,False,True,,SandboxException,"400: failed to create FC session: ERR_BAD_REQUEST: code: 429, Scaling limit exceeded，burst: 300, refill rate: 5/s request id: 7f6dbea8-700d-452e-a479-3da98f2439e2 (SDKError:    StatusCode: 429    Code: ResourceExhausted    Message: code: 429, Scaling limit exceeded，burst: 300, refill rate: 5/s request id: 7f6dbea8-700d-452e-a479-3da98f2439e2    Data: {""Code"":""ResourceExhausted"",""Message"":""Scaling limit exceeded，burst: 300, refill rate: 5/s"",""RequestId"":""7f6dbea8-700d-452e-a479-3da98f2439e2""} )"
none,10,60,223,2026-07-30T09:50:28.488399+00:00,0.54,,,,False,False,True,,SandboxException,"400: failed to create FC session: ERR_BAD_REQUEST: code: 429, Scaling limit exceeded，burst: 300, refill rate: 5/s request id: f2a3b14e-1bfc-4fe1-bfe7-3cf8c31a9c7b (SDKError:    StatusCode: 429    Code: ResourceExhausted    Message: code: 429, Scaling limit exceeded，burst: 300, refill rate: 5/s request id: f2a3b14e-1bfc-4fe1-bfe7-3cf8c31a9c7b    Data: {""Code"":""ResourceExhausted"",""Message"":""Scaling limit exceeded，burst: 300, refill rate: 5/s"",""RequestId"":""f2a3b14e-1bfc-4fe1-bfe7-3cf8c31a9c7b""} )"
none,10,60,224,2026-07-30T09:50:28.588399+00:00,0.791,,,,False,False,True,,SandboxException,"400: failed to create FC session: ERR_BAD_REQUEST: code: 429, Scaling limit exceeded，burst: 300, refill rate: 5/s request id: 251b1482-9595-4e60-8cba-f6cf939c614a (SDKError:    StatusCode: 429    Code: ResourceExhausted    Message: code: 429, Scaling limit exceeded，burst: 300, refill rate: 5/s request id: 251b1482-9595-4e60-8cba-f6cf939c614a    Data: {""Code"":""ResourceExhausted"",""Message"":""Scaling limit exceeded，burst: 300, refill rate: 5/s"",""RequestId"":""251b1482-9595-4e60-8cba-f6cf939c614a""} )"
none,10,60,225,2026-07-30T09:50:28.688399+00:00,0.93,,,,False,False,True,,SandboxException,"400: failed to create FC session: ERR_BAD_REQUEST: code: 429, Scaling limit exceeded，burst: 300, refill rate: 5/s request id: 42f75bae-50bf-499b-b46a-1ce86ac553a4 (SDKError:    StatusCode: 429    Code: ResourceExhausted    Message: code: 429, Scaling limit exceeded，burst: 300, refill rate: 5/s request id: 42f75bae-50bf-499b-b46a-1ce86ac553a4    Data: {""Code"":""ResourceExhausted"",""Message"":""Scaling limit exceeded，burst: 300, refill rate: 5/s"",""RequestId"":""42f75bae-50bf-499b-b46a-1ce86ac553a4""} )"
none,10,60,226,2026-07-30T09:50:28.788399+00:00,0.312,828.601,260.513,37.661,True,True,True,sbx-72ca9d8e-6cef-44a4-b321-93e322747636,,
none,10,60,227,2026-07-30T09:50:28.888399+00:00,1.022,2192.633,341.223,48.795,True,True,True,sbx-fb7230bc-35f1-432a-91eb-007a17a70880,,
none,10,60,228,2026-07-30T09:50:28.988399+00:00,0.204,707.953,274.823,65.817,True,True,True,sbx-74ffb7f8-14ed-4ba4-a121-af687cfd1708,,
none,10,60,229,2026-07-30T09:50:29.088399+00:00,0.424,360.351,198.659,49.173,True,True,True,sbx-eaa7dec7-708f-4b10-8498-1ab57123b092,,
none,10,60,230,2026-07-30T09:50:29.188399+00:00,0.345,328.945,201.138,44.332,True,True,True,sbx-befc10ba-600d-4d6a-a092-f856bac191e2,,
none,10,60,231,2026-07-30T09:50:29.288399+00:00,0.842,,,,False,False,True,,SandboxException,"400: failed to create FC session: ERR_BAD_REQUEST: code: 429, Scaling limit exceeded，burst: 300, refill rate: 5/s request id: 4a8aa76d-ff08-4d8e-bab1-609ffd75f27d (SDKError:    StatusCode: 429    Code: ResourceExhausted    Message: code: 429, Scaling limit exceeded，burst: 300, refill rate: 5/s request id: 4a8aa76d-ff08-4d8e-bab1-609ffd75f27d    Data: {""Code"":""ResourceExhausted"",""Message"":""Scaling limit exceeded，burst: 300, refill rate: 5/s"",""RequestId"":""4a8aa76d-ff08-4d8e-bab1-609ffd75f27d""} )"
none,10,60,232,2026-07-30T09:50:29.388399+00:00,0.704,,,,False,False,True,,SandboxException,"400: failed to create FC session: ERR_BAD_REQUEST: code: 429, Scaling limit exceeded，burst: 300, refill rate: 5/s request id: 3722f6e6-25a2-4bcf-b5a1-154ed510e5ea (SDKError:    StatusCode: 429    Code: ResourceExhausted    Message: code: 429, Scaling limit exceeded，burst: 300, refill rate: 5/s request id: 3722f6e6-25a2-4bcf-b5a1-154ed510e5ea    Data: {""Code"":""ResourceExhausted"",""Message"":""Scaling limit exceeded，burst: 300, refill rate: 5/s"",""RequestId"":""3722f6e6-25a2-4bcf-b5a1-154ed510e5ea""} )"
none,10,60,233,2026-07-30T09:50:29.488399+00:00,1.121,,,,False,False,True,,SandboxException,"400: failed to create FC session: ERR_BAD_REQUEST: code: 429, Scaling limit exceeded，burst: 300, refill rate: 5/s request id: 2951c36e-6874-4acf-8d63-749fb30c2601 (SDKError:    StatusCode: 429    Code: ResourceExhausted    Message: code: 429, Scaling limit exceeded，burst: 300, refill rate: 5/s request id: 2951c36e-6874-4acf-8d63-749fb30c2601    Data: {""Code"":""ResourceExhausted"",""Message"":""Scaling limit exceeded，burst: 300, refill rate: 5/s"",""RequestId"":""2951c36e-6874-4acf-8d63-749fb30c2601""} )"
none,10,60,234,2026-07-30T09:50:29.588399+00:00,0.47,,,,False,False,True,,SandboxException,"400: failed to create FC session: ERR_BAD_REQUEST: code: 429, Scaling limit exceeded，burst: 300, refill rate: 5/s request id: 2f4403e1-da2e-4ae7-b643-fc1018de776c (SDKError:    StatusCode: 429    Code: ResourceExhausted    Message: code: 429, Scaling limit exceeded，burst: 300, refill rate: 5/s request id: 2f4403e1-da2e-4ae7-b643-fc1018de776c    Data: {""Code"":""ResourceExhausted"",""Message"":""Scaling limit exceeded，burst: 300, refill rate: 5/s"",""RequestId"":""2f4403e1-da2e-4ae7-b643-fc1018de776c""} )"
none,10,60,235,2026-07-30T09:50:29.688399+00:00,0.43,,,,False,False,True,,SandboxException,"400: failed to create FC session: ERR_BAD_REQUEST: code: 429, Scaling limit exceeded，burst: 300, refill rate: 5/s request id: c5bf5d74-887e-4b6f-92eb-cd08ace220b0 (SDKError:    StatusCode: 429    Code: ResourceExhausted    Message: code: 429, Scaling limit exceeded，burst: 300, refill rate: 5/s request id: c5bf5d74-887e-4b6f-92eb-cd08ace220b0    Data: {""Code"":""ResourceExhausted"",""Message"":""Scaling limit exceeded，burst: 300, refill rate: 5/s"",""RequestId"":""c5bf5d74-887e-4b6f-92eb-cd08ace220b0""} )"
none,10,60,236,2026-07-30T09:50:29.788399+00:00,0.636,,,,False,False,True,,SandboxException,"400: failed to create FC session: ERR_BAD_REQUEST: code: 429, Scaling limit exceeded，burst: 300, refill rate: 5/s request id: 1b7cff94-cb65-4ce3-b674-8fb860d0a6e8 (SDKError:    StatusCode: 429    Code: ResourceExhausted    Message: code: 429, Scaling limit exceeded，burst: 300, refill rate: 5/s request id: 1b7cff94-cb65-4ce3-b674-8fb860d0a6e8    Data: {""Code"":""ResourceExhausted"",""Message"":""Scaling limit exceeded，burst: 300, refill rate: 5/s"",""RequestId"":""1b7cff94-cb65-4ce3-b674-8fb860d0a6e8""} )"
none,10,60,237,2026-07-30T09:50:29.888399+00:00,0.375,,,,False,False,True,,SandboxException,"400: failed to create FC session: ERR_BAD_REQUEST: code: 429, Scaling limit exceeded，burst: 300, refill rate: 5/s request id: 44ac9ab3-479d-46dd-a214-3900c15b760d (SDKError:    StatusCode: 429    Code: ResourceExhausted    Message: code: 429, Scaling limit exceeded，burst: 300, refill rate: 5/s request id: 44ac9ab3-479d-46dd-a214-3900c15b760d    Data: {""Code"":""ResourceExhausted"",""Message"":""Scaling limit exceeded，burst: 300, refill rate: 5/s"",""RequestId"":""44ac9ab3-479d-46dd-a214-3900c15b760d""} )"
none,10,60,238,2026-07-30T09:50:29.988399+00:00,1.493,576.516,260.615,40.081,True,True,True,sbx-f60933c6-a4e4-4388-b7d4-d5f5c80f9877,,
none,10,60,239,2026-07-30T09:50:30.088399+00:00,0.451,643.612,264.283,43.774,True,True,True,sbx-3ea13430-0b82-419a-a73d-c012e9fa5b04,,
none,10,60,240,2026-07-30T09:50:30.188399+00:00,0.883,312.317,304.475,41.306,True,True,True,sbx-e3a7efcd-a868-4e65-8da1-20e750c4d07c,,
none,10,60,241,2026-07-30T09:50:30.288399+00:00,0.887,1903.208,278.163,52.302,True,True,True,sbx-3270599c-92f5-4f4e-8ffd-b7f98e32f2e9,,
none,10,60,242,2026-07-30T09:50:30.388399+00:00,1.146,471.607,248.706,48.708,True,True,True,sbx-50008457-4ad3-4f86-a665-1d799c51d5e0,,
none,10,60,243,2026-07-30T09:50:30.488399+00:00,0.916,,,,False,False,True,,SandboxException,"400: failed to create FC session: ERR_BAD_REQUEST: code: 429, Scaling limit exceeded，burst: 300, refill rate: 5/s request id: d7a2cadd-a1d0-4cb1-8d19-649569132b3b (SDKError:    StatusCode: 429    Code: ResourceExhausted    Message: code: 429, Scaling limit exceeded，burst: 300, refill rate: 5/s request id: d7a2cadd-a1d0-4cb1-8d19-649569132b3b    Data: {""Code"":""ResourceExhausted"",""Message"":""Scaling limit exceeded，burst: 300, refill rate: 5/s"",""RequestId"":""d7a2cadd-a1d0-4cb1-8d19-649569132b3b""} )"
none,10,60,244,2026-07-30T09:50:30.588399+00:00,0.499,,,,False,False,True,,SandboxException,"400: failed to create FC session: ERR_BAD_REQUEST: code: 429, Scaling limit exceeded，burst: 300, refill rate: 5/s request id: 7fbf3003-d5f8-4797-ab4a-ec5a1a0e362b (SDKError:    StatusCode: 429    Code: ResourceExhausted    Message: code: 429, Scaling limit exceeded，burst: 300, refill rate: 5/s request id: 7fbf3003-d5f8-4797-ab4a-ec5a1a0e362b    Data: {""Code"":""ResourceExhausted"",""Message"":""Scaling limit exceeded，burst: 300, refill rate: 5/s"",""RequestId"":""7fbf3003-d5f8-4797-ab4a-ec5a1a0e362b""} )"
none,10,60,245,2026-07-30T09:50:30.688399+00:00,1.003,1045.863,219.767,46.16,True,True,True,sbx-d79726a2-b391-487a-bffa-219c293a4a25,,
none,10,60,246,2026-07-30T09:50:30.788399+00:00,0.697,,,,False,False,True,,SandboxException,"400: failed to create FC session: ERR_BAD_REQUEST: code: 429, Scaling limit exceeded，burst: 300, refill rate: 5/s request id: 76331452-2790-4e1e-a77e-be485397dfb6 (SDKError:    StatusCode: 429    Code: ResourceExhausted    Message: code: 429, Scaling limit exceeded，burst: 300, refill rate: 5/s request id: 76331452-2790-4e1e-a77e-be485397dfb6    Data: {""Code"":""ResourceExhausted"",""Message"":""Scaling limit exceeded，burst: 300, refill rate: 5/s"",""RequestId"":""76331452-2790-4e1e-a77e-be485397dfb6""} )"
none,10,60,247,2026-07-30T09:50:30.888399+00:00,0.329,,,,False,False,True,,SandboxException,"400: failed to create FC session: ERR_BAD_REQUEST: code: 429, Scaling limit exceeded，burst: 300, refill rate: 5/s request id: 39b12e4a-b0ca-4f04-97b4-536057fa82e3 (SDKError:    StatusCode: 429    Code: ResourceExhausted    Message: code: 429, Scaling limit exceeded，burst: 300, refill rate: 5/s request id: 39b12e4a-b0ca-4f04-97b4-536057fa82e3    Data: {""Code"":""ResourceExhausted"",""Message"":""Scaling limit exceeded，burst: 300, refill rate: 5/s"",""RequestId"":""39b12e4a-b0ca-4f04-97b4-536057fa82e3""} )"
none,10,60,248,2026-07-30T09:50:30.988399+00:00,0.627,621.97,291.629,53.596,True,True,True,sbx-131ebc3c-615e-43ff-a5f7-957e44205acf,,
none,10,60,249,2026-07-30T09:50:31.088399+00:00,0.598,317.726,350.626,36.578,True,True,True,sbx-81df9c5a-75c7-44a4-a4cf-e0d02743df8a,,
none,10,60,250,2026-07-30T09:50:31.188399+00:00,0.581,423.776,239.151,42.72,True,True,True,sbx-a9d0c5ea-fc93-40b2-b321-19e8fe740ab6,,
none,10,60,251,2026-07-30T09:50:31.288399+00:00,0.46,453.432,268.429,56.701,True,True,True,sbx-777ad614-40d6-44cf-bc05-912e4f6c2a2a,,
none,10,60,252,2026-07-30T09:50:31.388399+00:00,0.628,,,,False,False,True,,SandboxException,"400: failed to create FC session: ERR_BAD_REQUEST: code: 429, Scaling limit exceeded，burst: 300, refill rate: 5/s request id: 49e43e42-a992-4d97-9f7c-8e611997b0ad (SDKError:    StatusCode: 429    Code: ResourceExhausted    Message: code: 429, Scaling limit exceeded，burst: 300, refill rate: 5/s request id: 49e43e42-a992-4d97-9f7c-8e611997b0ad    Data: {""Code"":""ResourceExhausted"",""Message"":""Scaling limit exceeded，burst: 300, refill rate: 5/s"",""RequestId"":""49e43e42-a992-4d97-9f7c-8e611997b0ad""} )"
none,10,60,253,2026-07-30T09:50:31.488399+00:00,0.643,,,,False,False,True,,SandboxException,"400: failed to create FC session: ERR_BAD_REQUEST: code: 429, Scaling limit exceeded，burst: 300, refill rate: 5/s request id: 0ae7820a-9fdc-437c-8b0d-5eb4f02af191 (SDKError:    StatusCode: 429    Code: ResourceExhausted    Message: code: 429, Scaling limit exceeded，burst: 300, refill rate: 5/s request id: 0ae7820a-9fdc-437c-8b0d-5eb4f02af191    Data: {""Code"":""ResourceExhausted"",""Message"":""Scaling limit exceeded，burst: 300, refill rate: 5/s"",""RequestId"":""0ae7820a-9fdc-437c-8b0d-5eb4f02af191""} )"
none,10,60,254,2026-07-30T09:50:31.588399+00:00,1.094,861.298,219.645,36.129,True,True,True,sbx-a7b75bb0-7204-43c7-9f06-361fbd3347d2,,
none,10,60,255,2026-07-30T09:50:31.688399+00:00,0.286,,,,False,False,True,,SandboxException,"400: failed to create FC session: ERR_BAD_REQUEST: code: 429, Scaling limit exceeded，burst: 300, refill rate: 5/s request id: 3cadb729-19d2-4939-bc4e-18e8956dfaf8 (SDKError:    StatusCode: 429    Code: ResourceExhausted    Message: code: 429, Scaling limit exceeded，burst: 300, refill rate: 5/s request id: 3cadb729-19d2-4939-bc4e-18e8956dfaf8    Data: {""Code"":""ResourceExhausted"",""Message"":""Scaling limit exceeded，burst: 300, refill rate: 5/s"",""RequestId"":""3cadb729-19d2-4939-bc4e-18e8956dfaf8""} )"
none,10,60,256,2026-07-30T09:50:31.788399+00:00,1.225,,,,False,False,True,,SandboxException,"400: failed to create FC session: ERR_BAD_REQUEST: code: 429, Scaling limit exceeded，burst: 300, refill rate: 5/s request id: 42b11db8-05ce-4e2d-b489-18409b11f641 (SDKError:    StatusCode: 429    Code: ResourceExhausted    Message: code: 429, Scaling limit exceeded，burst: 300, refill rate: 5/s request id: 42b11db8-05ce-4e2d-b489-18409b11f641    Data: {""Code"":""ResourceExhausted"",""Message"":""Scaling limit exceeded，burst: 300, refill rate: 5/s"",""RequestId"":""42b11db8-05ce-4e2d-b489-18409b11f641""} )"
none,10,60,257,2026-07-30T09:50:31.888399+00:00,0.979,540.041,208.044,53.832,True,True,True,sbx-43c307db-3bdd-4da9-9d32-9b48b64b74d9,,
none,10,60,258,2026-07-30T09:50:31.988399+00:00,0.868,554.494,287.982,54.315,True,True,True,sbx-58d65ded-ad2d-4422-a8ea-9f9e341e5047,,
none,10,60,259,2026-07-30T09:50:32.088399+00:00,0.857,,,,False,False,True,,SandboxException,"400: failed to create FC session: ERR_BAD_REQUEST: code: 429, Scaling limit exceeded，burst: 300, refill rate: 5/s request id: 9545d020-f22d-492a-82ac-c433e22f656c (SDKError:    StatusCode: 429    Code: ResourceExhausted    Message: code: 429, Scaling limit exceeded，burst: 300, refill rate: 5/s request id: 9545d020-f22d-492a-82ac-c433e22f656c    Data: {""Code"":""ResourceExhausted"",""Message"":""Scaling limit exceeded，burst: 300, refill rate: 5/s"",""RequestId"":""9545d020-f22d-492a-82ac-c433e22f656c""} )"
none,10,60,260,2026-07-30T09:50:32.188399+00:00,1.031,468.458,217.69,57.32,True,True,True,sbx-39e2ef7e-b06b-4431-85db-2eb57f46f94d,,
none,10,60,261,2026-07-30T09:50:32.288399+00:00,1.535,310.388,232.254,41.185,True,True,True,sbx-163ac3cc-c92e-4757-8ee2-6c4dc296b3d0,,
none,10,60,262,2026-07-30T09:50:32.388399+00:00,0.884,,,,False,False,True,,SandboxException,"400: failed to create FC session: ERR_BAD_REQUEST: code: 429, Scaling limit exceeded，burst: 300, refill rate: 5/s request id: 34f24d1f-52ff-493e-96d5-3a1a67781187 (SDKError:    StatusCode: 429    Code: ResourceExhausted    Message: code: 429, Scaling limit exceeded，burst: 300, refill rate: 5/s request id: 34f24d1f-52ff-493e-96d5-3a1a67781187    Data: {""Code"":""ResourceExhausted"",""Message"":""Scaling limit exceeded，burst: 300, refill rate: 5/s"",""RequestId"":""34f24d1f-52ff-493e-96d5-3a1a67781187""} )"
none,10,60,263,2026-07-30T09:50:32.488399+00:00,0.664,,,,False,False,True,,SandboxException,"400: failed to create FC session: ERR_BAD_REQUEST: code: 429, Scaling limit exceeded，burst: 300, refill rate: 5/s request id: 7e4ad937-4b03-4f62-8146-d7acbaa3a986 (SDKError:    StatusCode: 429    Code: ResourceExhausted    Message: code: 429, Scaling limit exceeded，burst: 300, refill rate: 5/s request id: 7e4ad937-4b03-4f62-8146-d7acbaa3a986    Data: {""Code"":""ResourceExhausted"",""Message"":""Scaling limit exceeded，burst: 300, refill rate: 5/s"",""RequestId"":""7e4ad937-4b03-4f62-8146-d7acbaa3a986""} )"
none,10,60,264,2026-07-30T09:50:32.588399+00:00,0.692,866.809,202.321,40.904,True,True,True,sbx-acd3719e-6259-49f0-90eb-903a8e9ee569,,
none,10,60,265,2026-07-30T09:50:32.688399+00:00,0.45,,,,False,False,True,,SandboxException,"400: failed to create FC session: ERR_BAD_REQUEST: code: 429, Scaling limit exceeded，burst: 300, refill rate: 5/s request id: d47645db-fb6d-4783-9371-4fc49064305d (SDKError:    StatusCode: 429    Code: ResourceExhausted    Message: code: 429, Scaling limit exceeded，burst: 300, refill rate: 5/s request id: d47645db-fb6d-4783-9371-4fc49064305d    Data: {""Code"":""ResourceExhausted"",""Message"":""Scaling limit exceeded，burst: 300, refill rate: 5/s"",""RequestId"":""d47645db-fb6d-4783-9371-4fc49064305d""} )"
none,10,60,266,2026-07-30T09:50:32.788399+00:00,0.292,,,,False,False,True,,SandboxException,"400: failed to create FC session: ERR_BAD_REQUEST: code: 429, Scaling limit exceeded，burst: 300, refill rate: 5/s request id: c6e3d96d-fe2b-490e-8dd0-a35104fb66e6 (SDKError:    StatusCode: 429    Code: ResourceExhausted    Message: code: 429, Scaling limit exceeded，burst: 300, refill rate: 5/s request id: c6e3d96d-fe2b-490e-8dd0-a35104fb66e6    Data: {""Code"":""ResourceExhausted"",""Message"":""Scaling limit exceeded，burst: 300, refill rate: 5/s"",""RequestId"":""c6e3d96d-fe2b-490e-8dd0-a35104fb66e6""} )"
none,10,60,267,2026-07-30T09:50:32.888399+00:00,0.855,,,,False,False,True,,SandboxException,"400: failed to create FC session: ERR_BAD_REQUEST: code: 429, Scaling limit exceeded，burst: 300, refill rate: 5/s request id: cfad6809-e6f4-44b5-874a-c9568741d4ae (SDKError:    StatusCode: 429    Code: ResourceExhausted    Message: code: 429, Scaling limit exceeded，burst: 300, refill rate: 5/s request id: cfad6809-e6f4-44b5-874a-c9568741d4ae    Data: {""Code"":""ResourceExhausted"",""Message"":""Scaling limit exceeded，burst: 300, refill rate: 5/s"",""RequestId"":""cfad6809-e6f4-44b5-874a-c9568741d4ae""} )"
none,10,60,268,2026-07-30T09:50:32.988399+00:00,0.852,465.125,221.062,37.321,True,True,True,sbx-dd55e09b-0859-4a6f-abcb-1505e0d2f12b,,
none,10,60,269,2026-07-30T09:50:33.088399+00:00,0.77,620.201,376.599,53.621,True,True,True,sbx-8b9510ea-c674-4bcc-8cc4-98718b81437f,,
none,10,60,270,2026-07-30T09:50:33.188399+00:00,0.808,1795.676,353.937,43.624,True,True,True,sbx-ada92e95-12a1-4511-828d-98a54a22bbd6,,
none,10,60,271,2026-07-30T09:50:33.288399+00:00,0.894,,,,False,False,True,,SandboxException,"400: failed to create FC session: ERR_BAD_REQUEST: code: 429, Scaling limit exceeded，burst: 300, refill rate: 5/s request id: d1ab7265-4369-4c8f-b124-feef5aa5b688 (SDKError:    StatusCode: 429    Code: ResourceExhausted    Message: code: 429, Scaling limit exceeded，burst: 300, refill rate: 5/s request id: d1ab7265-4369-4c8f-b124-feef5aa5b688    Data: {""Code"":""ResourceExhausted"",""Message"":""Scaling limit exceeded，burst: 300, refill rate: 5/s"",""RequestId"":""d1ab7265-4369-4c8f-b124-feef5aa5b688""} )"
none,10,60,272,2026-07-30T09:50:33.388399+00:00,1.098,424.968,325.699,39.328,True,True,True,sbx-cb0f86f0-7e7c-404b-9a32-2a129571028b,,
none,10,60,273,2026-07-30T09:50:33.488399+00:00,0.568,,,,False,False,True,,SandboxException,"400: failed to create FC session: ERR_BAD_REQUEST: code: 429, Scaling limit exceeded，burst: 300, refill rate: 5/s request id: f656222a-9b4c-417e-a141-e54452abf95d (SDKError:    StatusCode: 429    Code: ResourceExhausted    Message: code: 429, Scaling limit exceeded，burst: 300, refill rate: 5/s request id: f656222a-9b4c-417e-a141-e54452abf95d    Data: {""Code"":""ResourceExhausted"",""Message"":""Scaling limit exceeded，burst: 300, refill rate: 5/s"",""RequestId"":""f656222a-9b4c-417e-a141-e54452abf95d""} )"
none,10,60,274,2026-07-30T09:50:33.588399+00:00,0.61,1018.377,231.835,40.27,True,True,True,sbx-cf23df0f-b51e-4b97-9151-0f6ceaff1401,,
none,10,60,275,2026-07-30T09:50:33.688399+00:00,0.312,,,,False,False,True,,SandboxException,"400: failed to create FC session: ERR_BAD_REQUEST: code: 429, Scaling limit exceeded，burst: 300, refill rate: 5/s request id: 5261bb44-a1f5-4d14-9f5a-e73d3f77b2e6 (SDKError:    StatusCode: 429    Code: ResourceExhausted    Message: code: 429, Scaling limit exceeded，burst: 300, refill rate: 5/s request id: 5261bb44-a1f5-4d14-9f5a-e73d3f77b2e6    Data: {""Code"":""ResourceExhausted"",""Message"":""Scaling limit exceeded，burst: 300, refill rate: 5/s"",""RequestId"":""5261bb44-a1f5-4d14-9f5a-e73d3f77b2e6""} )"
none,10,60,276,2026-07-30T09:50:33.788399+00:00,0.918,,,,False,False,True,,SandboxException,"400: failed to create FC session: ERR_BAD_REQUEST: code: 429, Scaling limit exceeded，burst: 300, refill rate: 5/s request id: f361fb8a-1102-4a0e-b935-d18c51dcfb2a (SDKError:    StatusCode: 429    Code: ResourceExhausted    Message: code: 429, Scaling limit exceeded，burst: 300, refill rate: 5/s request id: f361fb8a-1102-4a0e-b935-d18c51dcfb2a    Data: {""Code"":""ResourceExhausted"",""Message"":""Scaling limit exceeded，burst: 300, refill rate: 5/s"",""RequestId"":""f361fb8a-1102-4a0e-b935-d18c51dcfb2a""} )"
none,10,60,277,2026-07-30T09:50:33.888399+00:00,1.044,,,,False,False,True,,SandboxException,"400: failed to create FC session: ERR_BAD_REQUEST: code: 429, Scaling limit exceeded，burst: 300, refill rate: 5/s request id: e02b0360-520a-4d7e-9cfd-a1bcaa550b98 (SDKError:    StatusCode: 429    Code: ResourceExhausted    Message: code: 429, Scaling limit exceeded，burst: 300, refill rate: 5/s request id: e02b0360-520a-4d7e-9cfd-a1bcaa550b98    Data: {""Code"":""ResourceExhausted"",""Message"":""Scaling limit exceeded，burst: 300, refill rate: 5/s"",""RequestId"":""e02b0360-520a-4d7e-9cfd-a1bcaa550b98""} )"
none,10,60,278,2026-07-30T09:50:33.988399+00:00,0.703,,,,False,False,True,,SandboxException,"400: failed to create FC session: ERR_BAD_REQUEST: code: 429, Scaling limit exceeded，burst: 300, refill rate: 5/s request id: 4b95c016-8baa-481b-b8d9-8fc0715f96e6 (SDKError:    StatusCode: 429    Code: ResourceExhausted    Message: code: 429, Scaling limit exceeded，burst: 300, refill rate: 5/s request id: 4b95c016-8baa-481b-b8d9-8fc0715f96e6    Data: {""Code"":""ResourceExhausted"",""Message"":""Scaling limit exceeded，burst: 300, refill rate: 5/s"",""RequestId"":""4b95c016-8baa-481b-b8d9-8fc0715f96e6""} )"
none,10,60,279,2026-07-30T09:50:34.088399+00:00,0.74,,,,False,False,True,,SandboxException,"400: failed to create FC session: ERR_BAD_REQUEST: code: 429, Scaling limit exceeded，burst: 300, refill rate: 5/s request id: 53f78f2d-1472-4ca0-866a-50058387c815 (SDKError:    StatusCode: 429    Code: ResourceExhausted    Message: code: 429, Scaling limit exceeded，burst: 300, refill rate: 5/s request id: 53f78f2d-1472-4ca0-866a-50058387c815    Data: {""Code"":""ResourceExhausted"",""Message"":""Scaling limit exceeded，burst: 300, refill rate: 5/s"",""RequestId"":""53f78f2d-1472-4ca0-866a-50058387c815""} )"
none,10,60,280,2026-07-30T09:50:34.188399+00:00,0.926,472.575,324.496,60.14,True,True,True,sbx-65fb450f-3b25-4b8b-8c2d-20aad11998a3,,
none,10,60,281,2026-07-30T09:50:34.288399+00:00,0.442,438.504,295.545,114.782,True,True,True,sbx-dba140dd-d18e-45bd-a2d1-7b51aa33aae0,,
none,10,60,282,2026-07-30T09:50:34.388399+00:00,0.323,423.655,324.807,63.175,True,True,True,sbx-19410225-a572-403c-a67e-f3883b015923,,
none,10,60,283,2026-07-30T09:50:34.488399+00:00,0.742,312.789,334.211,56.249,True,True,True,sbx-241b9973-6dd9-4b4e-84a5-2e0637a85fcf,,
none,10,60,284,2026-07-30T09:50:34.588399+00:00,0.309,1097.587,327.869,53.635,True,True,True,sbx-eaa55b51-17a6-4858-9e44-13b238a22deb,,
none,10,60,285,2026-07-30T09:50:34.688399+00:00,0.904,999.56,204.178,122.444,True,True,True,sbx-fa14cc14-6080-4430-b9e7-aedfd7e05c2c,,
none,10,60,286,2026-07-30T09:50:34.788399+00:00,0.525,,,,False,False,True,,SandboxException,"400: failed to create FC session: ERR_BAD_REQUEST: code: 429, Scaling limit exceeded，burst: 300, refill rate: 5/s request id: 103de95c-5117-472a-be2c-059ab4dde843 (SDKError:    StatusCode: 429    Code: ResourceExhausted    Message: code: 429, Scaling limit exceeded，burst: 300, refill rate: 5/s request id: 103de95c-5117-472a-be2c-059ab4dde843    Data: {""Code"":""ResourceExhausted"",""Message"":""Scaling limit exceeded，burst: 300, refill rate: 5/s"",""RequestId"":""103de95c-5117-472a-be2c-059ab4dde843""} )"
none,10,60,287,2026-07-30T09:50:34.888399+00:00,0.501,,,,False,False,True,,SandboxException,"400: failed to create FC session: ERR_BAD_REQUEST: code: 429, Scaling limit exceeded，burst: 300, refill rate: 5/s request id: dc89622a-737a-46df-9b12-5dcdfcf4a033 (SDKError:    StatusCode: 429    Code: ResourceExhausted    Message: code: 429, Scaling limit exceeded，burst: 300, refill rate: 5/s request id: dc89622a-737a-46df-9b12-5dcdfcf4a033    Data: {""Code"":""ResourceExhausted"",""Message"":""Scaling limit exceeded，burst: 300, refill rate: 5/s"",""RequestId"":""dc89622a-737a-46df-9b12-5dcdfcf4a033""} )"
none,10,60,288,2026-07-30T09:50:34.988399+00:00,0.361,563.923,214.611,48.065,True,True,True,sbx-2f3d481a-1d10-40c6-ba3a-aee6c47caf21,,
none,10,60,289,2026-07-30T09:50:35.088399+00:00,0.5,725.659,444.58,74.312,True,True,True,sbx-79e744a6-e3c2-4975-82e3-b145149653ac,,
none,10,60,290,2026-07-30T09:50:35.188399+00:00,1.069,,,,False,False,True,,SandboxException,"400: failed to create FC session: ERR_BAD_REQUEST: code: 429, Scaling limit exceeded，burst: 300, refill rate: 5/s request id: bae45307-7512-41ae-95fa-89a929d90573 (SDKError:    StatusCode: 429    Code: ResourceExhausted    Message: code: 429, Scaling limit exceeded，burst: 300, refill rate: 5/s request id: bae45307-7512-41ae-95fa-89a929d90573    Data: {""Code"":""ResourceExhausted"",""Message"":""Scaling limit exceeded，burst: 300, refill rate: 5/s"",""RequestId"":""bae45307-7512-41ae-95fa-89a929d90573""} )"
none,10,60,291,2026-07-30T09:50:35.288399+00:00,0.658,395.774,328.357,53.437,True,True,True,sbx-dcbdfff3-524f-4fa8-8ab7-368a1349e5cc,,
none,10,60,292,2026-07-30T09:50:35.388399+00:00,1.377,,,,False,False,True,,SandboxException,"400: failed to create FC session: ERR_BAD_REQUEST: code: 429, Scaling limit exceeded，burst: 300, refill rate: 5/s request id: b0988bdf-4217-41c2-b461-46ab37d1ce0c (SDKError:    StatusCode: 429    Code: ResourceExhausted    Message: code: 429, Scaling limit exceeded，burst: 300, refill rate: 5/s request id: b0988bdf-4217-41c2-b461-46ab37d1ce0c    Data: {""Code"":""ResourceExhausted"",""Message"":""Scaling limit exceeded，burst: 300, refill rate: 5/s"",""RequestId"":""b0988bdf-4217-41c2-b461-46ab37d1ce0c""} )"
none,10,60,293,2026-07-30T09:50:35.488399+00:00,0.945,2701.221,343.4,50.834,True,True,True,sbx-b70f2d8a-5316-4edb-9c94-38b0fd029a7a,,
none,10,60,294,2026-07-30T09:50:35.588399+00:00,0.939,1056.281,290.366,81.242,True,True,True,sbx-1ed14ebf-1c4d-4e7b-8f11-24daa73bcb0b,,
none,10,60,295,2026-07-30T09:50:35.688399+00:00,1.028,,,,False,False,True,,SandboxException,"400: failed to create FC session: ERR_BAD_REQUEST: code: 429, Scaling limit exceeded，burst: 300, refill rate: 5/s request id: f7c7398a-9f42-4348-b34a-19991c4cc1ed (SDKError:    StatusCode: 429    Code: ResourceExhausted    Message: code: 429, Scaling limit exceeded，burst: 300, refill rate: 5/s request id: f7c7398a-9f42-4348-b34a-19991c4cc1ed    Data: {""Code"":""ResourceExhausted"",""Message"":""Scaling limit exceeded，burst: 300, refill rate: 5/s"",""RequestId"":""f7c7398a-9f42-4348-b34a-19991c4cc1ed""} )"
none,10,60,296,2026-07-30T09:50:35.788399+00:00,0.442,,,,False,False,True,,SandboxException,"400: failed to create FC session: ERR_BAD_REQUEST: code: 429, Scaling limit exceeded，burst: 300, refill rate: 5/s request id: e9f3b000-d3e1-4541-b85e-e1cdcdfbe254 (SDKError:    StatusCode: 429    Code: ResourceExhausted    Message: code: 429, Scaling limit exceeded，burst: 300, refill rate: 5/s request id: e9f3b000-d3e1-4541-b85e-e1cdcdfbe254    Data: {""Code"":""ResourceExhausted"",""Message"":""Scaling limit exceeded，burst: 300, refill rate: 5/s"",""RequestId"":""e9f3b000-d3e1-4541-b85e-e1cdcdfbe254""} )"
none,10,60,297,2026-07-30T09:50:35.888399+00:00,0.511,,,,False,False,True,,SandboxException,"400: failed to create FC session: ERR_BAD_REQUEST: code: 429, Scaling limit exceeded，burst: 300, refill rate: 5/s request id: bb7c41ec-e9a1-48b4-b1c8-4c1b701b01da (SDKError:    StatusCode: 429    Code: ResourceExhausted    Message: code: 429, Scaling limit exceeded，burst: 300, refill rate: 5/s request id: bb7c41ec-e9a1-48b4-b1c8-4c1b701b01da    Data: {""Code"":""ResourceExhausted"",""Message"":""Scaling limit exceeded，burst: 300, refill rate: 5/s"",""RequestId"":""bb7c41ec-e9a1-48b4-b1c8-4c1b701b01da""} )"
none,10,60,298,2026-07-30T09:50:35.988399+00:00,0.225,681.891,265.92,82.069,True,True,True,sbx-c5b614be-bf13-4658-a3e8-05cf73bcdd93,,
none,10,60,299,2026-07-30T09:50:36.088399+00:00,0.901,1044.235,450.399,48.215,True,True,True,sbx-992e4549-dce8-4fca-ab4d-725a316b1e99,,
none,10,60,300,2026-07-30T09:50:36.188399+00:00,0.89,539.609,289.256,46.165,True,True,True,sbx-6feb315c-a4c7-4f47-81fc-80f8d58ac67c,,
none,10,60,301,2026-07-30T09:50:36.288399+00:00,0.879,,,,False,False,True,,SandboxException,"400: failed to create FC session: ERR_BAD_REQUEST: code: 429, Scaling limit exceeded，burst: 300, refill rate: 5/s request id: 1cbb80ee-8e3f-424a-86d2-6f6648c11e41 (SDKError:    StatusCode: 429    Code: ResourceExhausted    Message: code: 429, Scaling limit exceeded，burst: 300, refill rate: 5/s request id: 1cbb80ee-8e3f-424a-86d2-6f6648c11e41    Data: {""Code"":""ResourceExhausted"",""Message"":""Scaling limit exceeded，burst: 300, refill rate: 5/s"",""RequestId"":""1cbb80ee-8e3f-424a-86d2-6f6648c11e41""} )"
none,10,60,302,2026-07-30T09:50:36.388399+00:00,0.883,,,,False,False,True,,SandboxException,"400: failed to create FC session: ERR_BAD_REQUEST: code: 429, Scaling limit exceeded，burst: 300, refill rate: 5/s request id: 51783567-8afb-486e-bcfb-372710d0bbb5 (SDKError:    StatusCode: 429    Code: ResourceExhausted    Message: code: 429, Scaling limit exceeded，burst: 300, refill rate: 5/s request id: 51783567-8afb-486e-bcfb-372710d0bbb5    Data: {""Code"":""ResourceExhausted"",""Message"":""Scaling limit exceeded，burst: 300, refill rate: 5/s"",""RequestId"":""51783567-8afb-486e-bcfb-372710d0bbb5""} )"
none,10,60,303,2026-07-30T09:50:36.488399+00:00,0.643,,,,False,False,True,,SandboxException,"400: failed to create FC session: ERR_BAD_REQUEST: code: 429, Scaling limit exceeded，burst: 300, refill rate: 5/s request id: 8ee288b5-fec3-46b6-a317-0940c40a5281 (SDKError:    StatusCode: 429    Code: ResourceExhausted    Message: code: 429, Scaling limit exceeded，burst: 300, refill rate: 5/s request id: 8ee288b5-fec3-46b6-a317-0940c40a5281    Data: {""Code"":""ResourceExhausted"",""Message"":""Scaling limit exceeded，burst: 300, refill rate: 5/s"",""RequestId"":""8ee288b5-fec3-46b6-a317-0940c40a5281""} )"
none,10,60,304,2026-07-30T09:50:36.588399+00:00,0.419,,,,False,False,True,,SandboxException,"400: failed to create FC session: ERR_BAD_REQUEST: code: 429, Scaling limit exceeded，burst: 300, refill rate: 5/s request id: 5a597460-76a5-4751-9df5-2d6adca39797 (SDKError:    StatusCode: 429    Code: ResourceExhausted    Message: code: 429, Scaling limit exceeded，burst: 300, refill rate: 5/s request id: 5a597460-76a5-4751-9df5-2d6adca39797    Data: {""Code"":""ResourceExhausted"",""Message"":""Scaling limit exceeded，burst: 300, refill rate: 5/s"",""RequestId"":""5a597460-76a5-4751-9df5-2d6adca39797""} )"
none,10,60,305,2026-07-30T09:50:36.688399+00:00,1.07,997.837,245.747,43.494,True,True,True,sbx-89ef9d9c-e2c8-42ed-9d8f-5d086ba00966,,
none,10,60,306,2026-07-30T09:50:36.788399+00:00,1.193,,,,False,False,True,,SandboxException,"400: failed to create FC session: ERR_BAD_REQUEST: code: 429, Scaling limit exceeded，burst: 300, refill rate: 5/s request id: b85757bb-afa6-4891-a543-6614d7271186 (SDKError:    StatusCode: 429    Code: ResourceExhausted    Message: code: 429, Scaling limit exceeded，burst: 300, refill rate: 5/s request id: b85757bb-afa6-4891-a543-6614d7271186    Data: {""Code"":""ResourceExhausted"",""Message"":""Scaling limit exceeded，burst: 300, refill rate: 5/s"",""RequestId"":""b85757bb-afa6-4891-a543-6614d7271186""} )"
none,10,60,307,2026-07-30T09:50:36.888399+00:00,0.33,,,,False,False,True,,SandboxException,"400: failed to create FC session: ERR_BAD_REQUEST: code: 429, Scaling limit exceeded，burst: 300, refill rate: 5/s request id: 181f3221-0a87-4018-86a4-97fa85066e46 (SDKError:    StatusCode: 429    Code: ResourceExhausted    Message: code: 429, Scaling limit exceeded，burst: 300, refill rate: 5/s request id: 181f3221-0a87-4018-86a4-97fa85066e46    Data: {""Code"":""ResourceExhausted"",""Message"":""Scaling limit exceeded，burst: 300, refill rate: 5/s"",""RequestId"":""181f3221-0a87-4018-86a4-97fa85066e46""} )"
none,10,60,308,2026-07-30T09:50:36.988399+00:00,0.906,,,,False,False,True,,SandboxException,"400: failed to create FC session: ERR_BAD_REQUEST: code: 429, Scaling limit exceeded，burst: 300, refill rate: 5/s request id: fbab4009-2e87-4d71-9ae7-10f1ae8b21bc (SDKError:    StatusCode: 429    Code: ResourceExhausted    Message: code: 429, Scaling limit exceeded，burst: 300, refill rate: 5/s request id: fbab4009-2e87-4d71-9ae7-10f1ae8b21bc    Data: {""Code"":""ResourceExhausted"",""Message"":""Scaling limit exceeded，burst: 300, refill rate: 5/s"",""RequestId"":""fbab4009-2e87-4d71-9ae7-10f1ae8b21bc""} )"
none,10,60,309,2026-07-30T09:50:37.088399+00:00,0.35,718.092,345.593,47.296,True,True,True,sbx-4ec9f0bc-52ec-48ba-aa27-7c3fa602251a,,
none,10,60,310,2026-07-30T09:50:37.188399+00:00,0.936,330.773,226.774,43.417,True,True,True,sbx-6d690805-b6f4-4417-ad5d-d51b313bab49,,
none,10,60,311,2026-07-30T09:50:37.288399+00:00,0.907,364.179,247.075,48.063,True,True,True,sbx-614caf20-db40-4186-adc7-15edf2cb4925,,
none,10,60,312,2026-07-30T09:50:37.388399+00:00,0.405,,,,False,False,True,,SandboxException,"400: failed to create FC session: ERR_BAD_REQUEST: code: 429, Scaling limit exceeded，burst: 300, refill rate: 5/s request id: ab8c7ca6-ec26-4e94-b251-8864b2b46ef5 (SDKError:    StatusCode: 429    Code: ResourceExhausted    Message: code: 429, Scaling limit exceeded，burst: 300, refill rate: 5/s request id: ab8c7ca6-ec26-4e94-b251-8864b2b46ef5    Data: {""Code"":""ResourceExhausted"",""Message"":""Scaling limit exceeded，burst: 300, refill rate: 5/s"",""RequestId"":""ab8c7ca6-ec26-4e94-b251-8864b2b46ef5""} )"
none,10,60,313,2026-07-30T09:50:37.488399+00:00,0.642,486.136,1395.588,50.71,True,True,True,sbx-bb767174-104c-4ff7-98ed-882952cf4b3a,,
none,10,60,314,2026-07-30T09:50:37.588399+00:00,0.984,1020.417,309.812,36.838,True,True,True,sbx-ad11b43b-4c3c-48c5-8953-d0c0cd4714bb,,
none,10,60,315,2026-07-30T09:50:37.688399+00:00,0.557,919.572,297.043,56.112,True,True,True,sbx-8871560e-a378-41d7-8317-ceeab5379f65,,
none,10,60,316,2026-07-30T09:50:37.788399+00:00,0.715,,,,False,False,True,,SandboxException,"400: failed to create FC session: ERR_BAD_REQUEST: code: 429, Scaling limit exceeded，burst: 300, refill rate: 5/s request id: a8c3d51a-5576-4483-9b0d-8ecdbdb5799a (SDKError:    StatusCode: 429    Code: ResourceExhausted    Message: code: 429, Scaling limit exceeded，burst: 300, refill rate: 5/s request id: a8c3d51a-5576-4483-9b0d-8ecdbdb5799a    Data: {""Code"":""ResourceExhausted"",""Message"":""Scaling limit exceeded，burst: 300, refill rate: 5/s"",""RequestId"":""a8c3d51a-5576-4483-9b0d-8ecdbdb5799a""} )"
none,10,60,317,2026-07-30T09:50:37.888399+00:00,0.896,,,,False,False,True,,SandboxException,"400: failed to create FC session: ERR_BAD_REQUEST: code: 429, Scaling limit exceeded，burst: 300, refill rate: 5/s request id: f38dc507-a43c-41ba-bec3-23f30a3d0dd4 (SDKError:    StatusCode: 429    Code: ResourceExhausted    Message: code: 429, Scaling limit exceeded，burst: 300, refill rate: 5/s request id: f38dc507-a43c-41ba-bec3-23f30a3d0dd4    Data: {""Code"":""ResourceExhausted"",""Message"":""Scaling limit exceeded，burst: 300, refill rate: 5/s"",""RequestId"":""f38dc507-a43c-41ba-bec3-23f30a3d0dd4""} )"
none,10,60,318,2026-07-30T09:50:37.988399+00:00,0.226,1629.088,358.456,124.392,True,True,True,sbx-e4ebd34f-eebc-4965-8722-712fe46c839d,,
none,10,60,319,2026-07-30T09:50:38.088399+00:00,0.632,528.684,288.377,41.375,True,True,True,sbx-26df5fde-b726-4cbb-b62f-ac7715712074,,
none,10,60,320,2026-07-30T09:50:38.188399+00:00,0.428,,,,False,False,True,,SandboxException,"400: failed to create FC session: ERR_BAD_REQUEST: code: 429, Scaling limit exceeded，burst: 300, refill rate: 5/s request id: c69834bd-ebff-42b4-ace1-5bb705b516e4 (SDKError:    StatusCode: 429    Code: ResourceExhausted    Message: code: 429, Scaling limit exceeded，burst: 300, refill rate: 5/s request id: c69834bd-ebff-42b4-ace1-5bb705b516e4    Data: {""Code"":""ResourceExhausted"",""Message"":""Scaling limit exceeded，burst: 300, refill rate: 5/s"",""RequestId"":""c69834bd-ebff-42b4-ace1-5bb705b516e4""} )"
none,10,60,321,2026-07-30T09:50:38.288399+00:00,0.888,448.142,315.303,45.493,True,True,True,sbx-b6c287a4-a3e3-4cc6-8c69-ba9368da6f18,,
none,10,60,322,2026-07-30T09:50:38.388399+00:00,0.888,,,,False,False,True,,SandboxException,"400: failed to create FC session: ERR_BAD_REQUEST: code: 429, Scaling limit exceeded，burst: 300, refill rate: 5/s request id: fef7996d-662e-4bc4-8022-e8a8f9c8617c (SDKError:    StatusCode: 429    Code: ResourceExhausted    Message: code: 429, Scaling limit exceeded，burst: 300, refill rate: 5/s request id: fef7996d-662e-4bc4-8022-e8a8f9c8617c    Data: {""Code"":""ResourceExhausted"",""Message"":""Scaling limit exceeded，burst: 300, refill rate: 5/s"",""RequestId"":""fef7996d-662e-4bc4-8022-e8a8f9c8617c""} )"
none,10,60,323,2026-07-30T09:50:38.488399+00:00,1.286,,,,False,False,True,,SandboxException,"400: failed to create FC session: ERR_BAD_REQUEST: code: 429, Scaling limit exceeded，burst: 300, refill rate: 5/s request id: 4edf5329-d25c-4143-b550-8054b7f1702f (SDKError:    StatusCode: 429    Code: ResourceExhausted    Message: code: 429, Scaling limit exceeded，burst: 300, refill rate: 5/s request id: 4edf5329-d25c-4143-b550-8054b7f1702f    Data: {""Code"":""ResourceExhausted"",""Message"":""Scaling limit exceeded，burst: 300, refill rate: 5/s"",""RequestId"":""4edf5329-d25c-4143-b550-8054b7f1702f""} )"
none,10,60,324,2026-07-30T09:50:38.588399+00:00,0.28,1201.592,409.737,76.99,True,True,True,sbx-c35819af-d985-4098-ad69-2841e8b2b031,,
none,10,60,325,2026-07-30T09:50:38.688399+00:00,0.839,,,,False,False,True,,SandboxException,"400: failed to create FC session: ERR_BAD_REQUEST: code: 429, Scaling limit exceeded，burst: 300, refill rate: 5/s request id: 3fca95d3-bff0-48ee-8c04-5be4425f7825 (SDKError:    StatusCode: 429    Code: ResourceExhausted    Message: code: 429, Scaling limit exceeded，burst: 300, refill rate: 5/s request id: 3fca95d3-bff0-48ee-8c04-5be4425f7825    Data: {""Code"":""ResourceExhausted"",""Message"":""Scaling limit exceeded，burst: 300, refill rate: 5/s"",""RequestId"":""3fca95d3-bff0-48ee-8c04-5be4425f7825""} )"
none,10,60,326,2026-07-30T09:50:38.788399+00:00,1.226,1078.207,408.145,58.352,True,True,True,sbx-42689d0c-7d0a-4086-90c4-c52611d2d92e,,
none,10,60,327,2026-07-30T09:50:38.888399+00:00,0.597,,,,False,False,True,,SandboxException,"400: failed to create FC session: ERR_BAD_REQUEST: code: 429, Scaling limit exceeded，burst: 300, refill rate: 5/s request id: 03199ebc-6eb7-438f-bbaf-25b5c638ad00 (SDKError:    StatusCode: 429    Code: ResourceExhausted    Message: code: 429, Scaling limit exceeded，burst: 300, refill rate: 5/s request id: 03199ebc-6eb7-438f-bbaf-25b5c638ad00    Data: {""Code"":""ResourceExhausted"",""Message"":""Scaling limit exceeded，burst: 300, refill rate: 5/s"",""RequestId"":""03199ebc-6eb7-438f-bbaf-25b5c638ad00""} )"
none,10,60,328,2026-07-30T09:50:38.988399+00:00,0.894,,,,False,False,True,,SandboxException,"400: failed to create FC session: ERR_BAD_REQUEST: code: 429, Scaling limit exceeded，burst: 300, refill rate: 5/s request id: d2503fb8-756d-4c58-ad3d-9df26334a259 (SDKError:    StatusCode: 429    Code: ResourceExhausted    Message: code: 429, Scaling limit exceeded，burst: 300, refill rate: 5/s request id: d2503fb8-756d-4c58-ad3d-9df26334a259    Data: {""Code"":""ResourceExhausted"",""Message"":""Scaling limit exceeded，burst: 300, refill rate: 5/s"",""RequestId"":""d2503fb8-756d-4c58-ad3d-9df26334a259""} )"
none,10,60,329,2026-07-30T09:50:39.088399+00:00,0.991,,,,False,False,True,,SandboxException,"400: failed to create FC session: ERR_BAD_REQUEST: code: 429, Scaling limit exceeded，burst: 300, refill rate: 5/s request id: fe36de1c-de73-4a1b-bf7d-768cfaeea18c (SDKError:    StatusCode: 429    Code: ResourceExhausted    Message: code: 429, Scaling limit exceeded，burst: 300, refill rate: 5/s request id: fe36de1c-de73-4a1b-bf7d-768cfaeea18c    Data: {""Code"":""ResourceExhausted"",""Message"":""Scaling limit exceeded，burst: 300, refill rate: 5/s"",""RequestId"":""fe36de1c-de73-4a1b-bf7d-768cfaeea18c""} )"
none,10,60,330,2026-07-30T09:50:39.188399+00:00,1.188,,,,False,False,True,,SandboxException,"400: failed to create FC session: ERR_BAD_REQUEST: code: 429, Scaling limit exceeded，burst: 300, refill rate: 5/s request id: 64957186-e41e-4036-9292-4bc4dcbc9d93 (SDKError:    StatusCode: 429    Code: ResourceExhausted    Message: code: 429, Scaling limit exceeded，burst: 300, refill rate: 5/s request id: 64957186-e41e-4036-9292-4bc4dcbc9d93    Data: {""Code"":""ResourceExhausted"",""Message"":""Scaling limit exceeded，burst: 300, refill rate: 5/s"",""RequestId"":""64957186-e41e-4036-9292-4bc4dcbc9d93""} )"
none,10,60,331,2026-07-30T09:50:39.288399+00:00,0.722,439.823,385.343,87.381,True,True,True,sbx-061bca32-69ec-424a-81c2-1b6af5c35393,,
none,10,60,332,2026-07-30T09:50:39.388399+00:00,0.271,422.872,466.153,55.236,True,True,True,sbx-eceac86f-854e-48f6-9da0-a64a524422bf,,
none,10,60,333,2026-07-30T09:50:39.488399+00:00,1.091,302.012,507.693,42.227,True,True,True,sbx-e9a1360e-29e4-4360-b61c-223eec4be0bc,,
none,10,60,334,2026-07-30T09:50:39.588399+00:00,0.283,1054.017,288.705,49.834,True,True,True,sbx-28699c57-abc7-4124-97e8-761480f796b2,,
none,10,60,335,2026-07-30T09:50:39.688399+00:00,0.904,963.557,241.76,44.663,True,True,True,sbx-8f04aa26-315e-4db9-a9a4-6866ad7f76d6,,
none,10,60,336,2026-07-30T09:50:39.788399+00:00,0.875,,,,False,False,True,,SandboxException,"400: failed to create FC session: ERR_BAD_REQUEST: code: 429, Scaling limit exceeded，burst: 300, refill rate: 5/s request id: 77d736f6-3aae-4427-a43f-792acfe4235e (SDKError:    StatusCode: 429    Code: ResourceExhausted    Message: code: 429, Scaling limit exceeded，burst: 300, refill rate: 5/s request id: 77d736f6-3aae-4427-a43f-792acfe4235e    Data: {""Code"":""ResourceExhausted"",""Message"":""Scaling limit exceeded，burst: 300, refill rate: 5/s"",""RequestId"":""77d736f6-3aae-4427-a43f-792acfe4235e""} )"
none,10,60,337,2026-07-30T09:50:39.888399+00:00,0.886,788.373,213.024,38.903,True,True,True,sbx-cc84a1a1-e159-465e-b7b0-fb40727d3c70,,
none,10,60,338,2026-07-30T09:50:39.988399+00:00,0.788,,,,False,False,True,,SandboxException,"400: failed to create FC session: ERR_BAD_REQUEST: code: 429, Scaling limit exceeded，burst: 300, refill rate: 5/s request id: a6385355-85c3-499a-9c20-77f1fc907c29 (SDKError:    StatusCode: 429    Code: ResourceExhausted    Message: code: 429, Scaling limit exceeded，burst: 300, refill rate: 5/s request id: a6385355-85c3-499a-9c20-77f1fc907c29    Data: {""Code"":""ResourceExhausted"",""Message"":""Scaling limit exceeded，burst: 300, refill rate: 5/s"",""RequestId"":""a6385355-85c3-499a-9c20-77f1fc907c29""} )"
none,10,60,339,2026-07-30T09:50:40.088399+00:00,0.626,591.612,201.314,37.184,True,True,True,sbx-9a7bee76-4529-41d5-8c86-174ea132f028,,
none,10,60,340,2026-07-30T09:50:40.188399+00:00,0.308,,,,False,False,True,,SandboxException,"400: failed to create FC session: ERR_BAD_REQUEST: code: 429, Scaling limit exceeded，burst: 300, refill rate: 5/s request id: c5a439bc-d1b4-4e62-976d-d51493a4ab6f (SDKError:    StatusCode: 429    Code: ResourceExhausted    Message: code: 429, Scaling limit exceeded，burst: 300, refill rate: 5/s request id: c5a439bc-d1b4-4e62-976d-d51493a4ab6f    Data: {""Code"":""ResourceExhausted"",""Message"":""Scaling limit exceeded，burst: 300, refill rate: 5/s"",""RequestId"":""c5a439bc-d1b4-4e62-976d-d51493a4ab6f""} )"
none,10,60,341,2026-07-30T09:50:40.288399+00:00,0.371,,,,False,False,True,,SandboxException,"400: failed to create FC session: ERR_BAD_REQUEST: code: 429, Scaling limit exceeded，burst: 300, refill rate: 5/s request id: fdd93402-7544-46bb-bf4e-3361ca9dce59 (SDKError:    StatusCode: 429    Code: ResourceExhausted    Message: code: 429, Scaling limit exceeded，burst: 300, refill rate: 5/s request id: fdd93402-7544-46bb-bf4e-3361ca9dce59    Data: {""Code"":""ResourceExhausted"",""Message"":""Scaling limit exceeded，burst: 300, refill rate: 5/s"",""RequestId"":""fdd93402-7544-46bb-bf4e-3361ca9dce59""} )"
none,10,60,342,2026-07-30T09:50:40.388399+00:00,0.598,360.569,248.159,52.028,True,True,True,sbx-b28790a7-1461-423b-a639-64d7cdba4283,,
none,10,60,343,2026-07-30T09:50:40.488399+00:00,0.314,,,,False,False,True,,SandboxException,"400: failed to create FC session: ERR_BAD_REQUEST: code: 429, Scaling limit exceeded，burst: 300, refill rate: 5/s request id: 496fe0dd-0c36-4998-8701-5c6ac5bcba45 (SDKError:    StatusCode: 429    Code: ResourceExhausted    Message: code: 429, Scaling limit exceeded，burst: 300, refill rate: 5/s request id: 496fe0dd-0c36-4998-8701-5c6ac5bcba45    Data: {""Code"":""ResourceExhausted"",""Message"":""Scaling limit exceeded，burst: 300, refill rate: 5/s"",""RequestId"":""496fe0dd-0c36-4998-8701-5c6ac5bcba45""} )"
none,10,60,344,2026-07-30T09:50:40.588399+00:00,0.232,,,,False,False,True,,SandboxException,"400: failed to create FC session: ERR_BAD_REQUEST: code: 429, Scaling limit exceeded，burst: 300, refill rate: 5/s request id: fbeea33d-09e7-4b1b-b08f-bbe231bebcc5 (SDKError:    StatusCode: 429    Code: ResourceExhausted    Message: code: 429, Scaling limit exceeded，burst: 300, refill rate: 5/s request id: fbeea33d-09e7-4b1b-b08f-bbe231bebcc5    Data: {""Code"":""ResourceExhausted"",""Message"":""Scaling limit exceeded，burst: 300, refill rate: 5/s"",""RequestId"":""fbeea33d-09e7-4b1b-b08f-bbe231bebcc5""} )"
none,10,60,345,2026-07-30T09:50:40.688399+00:00,1.158,,,,False,False,True,,SandboxException,"400: failed to create FC session: ERR_BAD_REQUEST: code: 429, Scaling limit exceeded，burst: 300, refill rate: 5/s request id: 2104fdaf-8b15-4150-b107-7951b2e69211 (SDKError:    StatusCode: 429    Code: ResourceExhausted    Message: code: 429, Scaling limit exceeded，burst: 300, refill rate: 5/s request id: 2104fdaf-8b15-4150-b107-7951b2e69211    Data: {""Code"":""ResourceExhausted"",""Message"":""Scaling limit exceeded，burst: 300, refill rate: 5/s"",""RequestId"":""2104fdaf-8b15-4150-b107-7951b2e69211""} )"
none,10,60,346,2026-07-30T09:50:40.788399+00:00,0.602,,,,False,False,True,,SandboxException,"400: failed to create FC session: ERR_BAD_REQUEST: code: 429, Scaling limit exceeded，burst: 300, refill rate: 5/s request id: 224a9604-fd65-4585-9a9d-926694746925 (SDKError:    StatusCode: 429    Code: ResourceExhausted    Message: code: 429, Scaling limit exceeded，burst: 300, refill rate: 5/s request id: 224a9604-fd65-4585-9a9d-926694746925    Data: {""Code"":""ResourceExhausted"",""Message"":""Scaling limit exceeded，burst: 300, refill rate: 5/s"",""RequestId"":""224a9604-fd65-4585-9a9d-926694746925""} )"
none,10,60,347,2026-07-30T09:50:40.888399+00:00,0.338,1376.808,240.523,41.973,True,True,True,sbx-5485ffe0-f615-478b-b16a-51beda893dda,,
none,10,60,348,2026-07-30T09:50:40.988399+00:00,0.532,999.639,392.09,40.589,True,True,True,sbx-e06a03c0-80de-41e4-8d8f-5c7bef325312,,
none,10,60,349,2026-07-30T09:50:41.088399+00:00,0.284,,,,False,False,True,,SandboxException,"400: failed to create FC session: ERR_BAD_REQUEST: code: 429, Scaling limit exceeded，burst: 300, refill rate: 5/s request id: 6fbcd3ab-6dae-4c47-ab39-024c2791c575 (SDKError:    StatusCode: 429    Code: ResourceExhausted    Message: code: 429, Scaling limit exceeded，burst: 300, refill rate: 5/s request id: 6fbcd3ab-6dae-4c47-ab39-024c2791c575    Data: {""Code"":""ResourceExhausted"",""Message"":""Scaling limit exceeded，burst: 300, refill rate: 5/s"",""RequestId"":""6fbcd3ab-6dae-4c47-ab39-024c2791c575""} )"
none,10,60,350,2026-07-30T09:50:41.188399+00:00,0.622,,,,False,False,True,,SandboxException,"400: failed to create FC session: ERR_BAD_REQUEST: code: 429, Scaling limit exceeded，burst: 300, refill rate: 5/s request id: 9ef64990-e1e6-4c88-b8d4-49cf65ceefeb (SDKError:    StatusCode: 429    Code: ResourceExhausted    Message: code: 429, Scaling limit exceeded，burst: 300, refill rate: 5/s request id: 9ef64990-e1e6-4c88-b8d4-49cf65ceefeb    Data: {""Code"":""ResourceExhausted"",""Message"":""Scaling limit exceeded，burst: 300, refill rate: 5/s"",""RequestId"":""9ef64990-e1e6-4c88-b8d4-49cf65ceefeb""} )"
none,10,60,351,2026-07-30T09:50:41.288399+00:00,0.566,357.466,248.668,54.309,True,True,True,sbx-6f655955-c888-48f0-9780-a506a826ffe0,,
none,10,60,352,2026-07-30T09:50:41.388399+00:00,1.049,436.835,389.948,86.54,True,True,True,sbx-d5ebc987-1846-4753-86d9-7cb222b44ddb,,
none,10,60,353,2026-07-30T09:50:41.488399+00:00,0.929,333.942,221.092,42.149,True,True,True,sbx-c4123f9f-5fab-4e8c-a74c-4275e96ab148,,
none,10,60,354,2026-07-30T09:50:41.588399+00:00,0.238,,,,False,False,True,,SandboxException,"400: failed to create FC session: ERR_BAD_REQUEST: code: 429, Scaling limit exceeded，burst: 300, refill rate: 5/s request id: 19531477-19eb-4701-8c45-f95fce416c61 (SDKError:    StatusCode: 429    Code: ResourceExhausted    Message: code: 429, Scaling limit exceeded，burst: 300, refill rate: 5/s request id: 19531477-19eb-4701-8c45-f95fce416c61    Data: {""Code"":""ResourceExhausted"",""Message"":""Scaling limit exceeded，burst: 300, refill rate: 5/s"",""RequestId"":""19531477-19eb-4701-8c45-f95fce416c61""} )"
none,10,60,355,2026-07-30T09:50:41.688399+00:00,0.902,,,,False,False,True,,SandboxException,"400: failed to create FC session: ERR_BAD_REQUEST: code: 429, Scaling limit exceeded，burst: 300, refill rate: 5/s request id: 4aa8e256-5134-4240-a8a6-99efbc1afa5b (SDKError:    StatusCode: 429    Code: ResourceExhausted    Message: code: 429, Scaling limit exceeded，burst: 300, refill rate: 5/s request id: 4aa8e256-5134-4240-a8a6-99efbc1afa5b    Data: {""Code"":""ResourceExhausted"",""Message"":""Scaling limit exceeded，burst: 300, refill rate: 5/s"",""RequestId"":""4aa8e256-5134-4240-a8a6-99efbc1afa5b""} )"
none,10,60,356,2026-07-30T09:50:41.788399+00:00,1.111,1050.791,214.377,65.732,True,True,True,sbx-03353209-920d-4858-9040-769433d4f201,,
none,10,60,357,2026-07-30T09:50:41.888399+00:00,0.856,,,,False,False,True,,SandboxException,"400: failed to create FC session: ERR_BAD_REQUEST: code: 429, Scaling limit exceeded，burst: 300, refill rate: 5/s request id: ccf48b53-993f-4825-9e6a-6c8d35a1f2e6 (SDKError:    StatusCode: 429    Code: ResourceExhausted    Message: code: 429, Scaling limit exceeded，burst: 300, refill rate: 5/s request id: ccf48b53-993f-4825-9e6a-6c8d35a1f2e6    Data: {""Code"":""ResourceExhausted"",""Message"":""Scaling limit exceeded，burst: 300, refill rate: 5/s"",""RequestId"":""ccf48b53-993f-4825-9e6a-6c8d35a1f2e6""} )"
none,10,60,358,2026-07-30T09:50:41.988399+00:00,0.872,,,,False,False,True,,SandboxException,"400: failed to create FC session: ERR_BAD_REQUEST: code: 429, Scaling limit exceeded，burst: 300, refill rate: 5/s request id: 78770b2b-d914-4370-a5e8-678831b45fbb (SDKError:    StatusCode: 429    Code: ResourceExhausted    Message: code: 429, Scaling limit exceeded，burst: 300, refill rate: 5/s request id: 78770b2b-d914-4370-a5e8-678831b45fbb    Data: {""Code"":""ResourceExhausted"",""Message"":""Scaling limit exceeded，burst: 300, refill rate: 5/s"",""RequestId"":""78770b2b-d914-4370-a5e8-678831b45fbb""} )"
none,10,60,359,2026-07-30T09:50:42.088399+00:00,0.521,1743.308,274.223,53.571,True,True,True,sbx-42fe43f9-06a6-4c9e-89bf-c960829ebdbe,,
none,10,60,360,2026-07-30T09:50:42.188399+00:00,1.065,,,,False,False,True,,SandboxException,"400: failed to create FC session: ERR_BAD_REQUEST: code: 429, Scaling limit exceeded，burst: 300, refill rate: 5/s request id: e4e50529-330b-4888-a5e2-ae5d7ba31ee8 (SDKError:    StatusCode: 429    Code: ResourceExhausted    Message: code: 429, Scaling limit exceeded，burst: 300, refill rate: 5/s request id: e4e50529-330b-4888-a5e2-ae5d7ba31ee8    Data: {""Code"":""ResourceExhausted"",""Message"":""Scaling limit exceeded，burst: 300, refill rate: 5/s"",""RequestId"":""e4e50529-330b-4888-a5e2-ae5d7ba31ee8""} )"
none,10,60,361,2026-07-30T09:50:42.288399+00:00,0.908,,,,False,False,True,,SandboxException,"400: failed to create FC session: ERR_BAD_REQUEST: code: 429, Scaling limit exceeded，burst: 300, refill rate: 5/s request id: d864323f-1e92-4fa3-85dc-1fc121d5679f (SDKError:    StatusCode: 429    Code: ResourceExhausted    Message: code: 429, Scaling limit exceeded，burst: 300, refill rate: 5/s request id: d864323f-1e92-4fa3-85dc-1fc121d5679f    Data: {""Code"":""ResourceExhausted"",""Message"":""Scaling limit exceeded，burst: 300, refill rate: 5/s"",""RequestId"":""d864323f-1e92-4fa3-85dc-1fc121d5679f""} )"
none,10,60,362,2026-07-30T09:50:42.388399+00:00,1.236,457.657,274.291,58.492,True,True,True,sbx-a26f7815-910b-455b-9a40-ab9a1e827454,,
none,10,60,363,2026-07-30T09:50:42.488399+00:00,0.303,360.056,206.186,64.651,True,True,True,sbx-fd95566a-a952-4f9d-a3e8-3e303caf8b93,,
none,10,60,364,2026-07-30T09:50:42.588399+00:00,0.445,368.136,305.477,40.749,True,True,True,sbx-8f0ed6d1-b8c1-4c47-a80b-50270d9064ee,,
none,10,60,365,2026-07-30T09:50:42.688399+00:00,1.078,,,,False,False,True,,SandboxException,"400: failed to create FC session: ERR_BAD_REQUEST: code: 429, Scaling limit exceeded，burst: 300, refill rate: 5/s request id: f8c1115f-812b-45b1-9d9c-dbcdfbb554c6 (SDKError:    StatusCode: 429    Code: ResourceExhausted    Message: code: 429, Scaling limit exceeded，burst: 300, refill rate: 5/s request id: f8c1115f-812b-45b1-9d9c-dbcdfbb554c6    Data: {""Code"":""ResourceExhausted"",""Message"":""Scaling limit exceeded，burst: 300, refill rate: 5/s"",""RequestId"":""f8c1115f-812b-45b1-9d9c-dbcdfbb554c6""} )"
none,10,60,366,2026-07-30T09:50:42.788399+00:00,0.882,,,,False,False,True,,SandboxException,"400: failed to create FC session: ERR_BAD_REQUEST: code: 429, Scaling limit exceeded，burst: 300, refill rate: 5/s request id: 558cd003-70ab-4965-ba93-5a26e955bbba (SDKError:    StatusCode: 429    Code: ResourceExhausted    Message: code: 429, Scaling limit exceeded，burst: 300, refill rate: 5/s request id: 558cd003-70ab-4965-ba93-5a26e955bbba    Data: {""Code"":""ResourceExhausted"",""Message"":""Scaling limit exceeded，burst: 300, refill rate: 5/s"",""RequestId"":""558cd003-70ab-4965-ba93-5a26e955bbba""} )"
none,10,60,367,2026-07-30T09:50:42.888399+00:00,0.454,952.205,189.818,40.084,True,True,True,sbx-3f1e2d78-2ab4-4288-8ef2-9f87e0fcb061,,
none,10,60,368,2026-07-30T09:50:42.988399+00:00,0.777,,,,False,False,True,,SandboxException,"400: failed to create FC session: ERR_BAD_REQUEST: code: 429, Scaling limit exceeded，burst: 300, refill rate: 5/s request id: caf68aa3-ae70-49c4-a52b-86128d2c20af (SDKError:    StatusCode: 429    Code: ResourceExhausted    Message: code: 429, Scaling limit exceeded，burst: 300, refill rate: 5/s request id: caf68aa3-ae70-49c4-a52b-86128d2c20af    Data: {""Code"":""ResourceExhausted"",""Message"":""Scaling limit exceeded，burst: 300, refill rate: 5/s"",""RequestId"":""caf68aa3-ae70-49c4-a52b-86128d2c20af""} )"
none,10,60,369,2026-07-30T09:50:43.088399+00:00,0.279,1046.054,276.881,189.799,True,True,True,sbx-2b3215a1-52c9-4796-bcb0-fea565b99ca9,,
none,10,60,370,2026-07-30T09:50:43.188399+00:00,0.605,1957.184,416.623,68.968,True,True,True,sbx-ef38b921-a55c-4a69-b265-0a5a5e64c30e,,
none,10,60,371,2026-07-30T09:50:43.288399+00:00,0.893,,,,False,False,True,,SandboxException,"400: failed to create FC session: ERR_BAD_REQUEST: code: 429, Scaling limit exceeded，burst: 300, refill rate: 5/s request id: b284b95f-ef2e-48c8-b16f-cd65c307d8d7 (SDKError:    StatusCode: 429    Code: ResourceExhausted    Message: code: 429, Scaling limit exceeded，burst: 300, refill rate: 5/s request id: b284b95f-ef2e-48c8-b16f-cd65c307d8d7    Data: {""Code"":""ResourceExhausted"",""Message"":""Scaling limit exceeded，burst: 300, refill rate: 5/s"",""RequestId"":""b284b95f-ef2e-48c8-b16f-cd65c307d8d7""} )"
none,10,60,372,2026-07-30T09:50:43.388399+00:00,1.108,,,,False,False,True,,SandboxException,"400: failed to create FC session: ERR_BAD_REQUEST: code: 429, Scaling limit exceeded，burst: 300, refill rate: 5/s request id: 8cb8a942-221b-4e48-8c76-7b271981d948 (SDKError:    StatusCode: 429    Code: ResourceExhausted    Message: code: 429, Scaling limit exceeded，burst: 300, refill rate: 5/s request id: 8cb8a942-221b-4e48-8c76-7b271981d948    Data: {""Code"":""ResourceExhausted"",""Message"":""Scaling limit exceeded，burst: 300, refill rate: 5/s"",""RequestId"":""8cb8a942-221b-4e48-8c76-7b271981d948""} )"
none,10,60,373,2026-07-30T09:50:43.488399+00:00,0.482,827.121,411.509,45.811,True,True,True,sbx-ce706b05-f495-4645-95a4-dab3130c0c7b,,
none,10,60,374,2026-07-30T09:50:43.588399+00:00,0.375,,,,False,False,True,,SandboxException,"400: failed to create FC session: ERR_BAD_REQUEST: code: 429, Scaling limit exceeded，burst: 300, refill rate: 5/s request id: 74dc9167-175b-4c4d-aff8-571bb5c88be5 (SDKError:    StatusCode: 429    Code: ResourceExhausted    Message: code: 429, Scaling limit exceeded，burst: 300, refill rate: 5/s request id: 74dc9167-175b-4c4d-aff8-571bb5c88be5    Data: {""Code"":""ResourceExhausted"",""Message"":""Scaling limit exceeded，burst: 300, refill rate: 5/s"",""RequestId"":""74dc9167-175b-4c4d-aff8-571bb5c88be5""} )"
none,10,60,375,2026-07-30T09:50:43.688399+00:00,0.895,340.459,236.414,50.297,True,True,True,sbx-c289b25f-7ab3-4e06-a3f6-0783125469a6,,
none,10,60,376,2026-07-30T09:50:43.788399+00:00,0.471,,,,False,False,True,,SandboxException,"400: failed to create FC session: ERR_BAD_REQUEST: code: 429, Scaling limit exceeded，burst: 300, refill rate: 5/s request id: 469da4d0-6ad5-4137-8403-d28c6b71cec9 (SDKError:    StatusCode: 429    Code: ResourceExhausted    Message: code: 429, Scaling limit exceeded，burst: 300, refill rate: 5/s request id: 469da4d0-6ad5-4137-8403-d28c6b71cec9    Data: {""Code"":""ResourceExhausted"",""Message"":""Scaling limit exceeded，burst: 300, refill rate: 5/s"",""RequestId"":""469da4d0-6ad5-4137-8403-d28c6b71cec9""} )"
none,10,60,377,2026-07-30T09:50:43.888399+00:00,0.375,,,,False,False,True,,SandboxException,"400: failed to create FC session: ERR_BAD_REQUEST: code: 429, Scaling limit exceeded，burst: 300, refill rate: 5/s request id: 64b9f4ad-adeb-4435-9917-e7e7c9c19bb4 (SDKError:    StatusCode: 429    Code: ResourceExhausted    Message: code: 429, Scaling limit exceeded，burst: 300, refill rate: 5/s request id: 64b9f4ad-adeb-4435-9917-e7e7c9c19bb4    Data: {""Code"":""ResourceExhausted"",""Message"":""Scaling limit exceeded，burst: 300, refill rate: 5/s"",""RequestId"":""64b9f4ad-adeb-4435-9917-e7e7c9c19bb4""} )"
none,10,60,378,2026-07-30T09:50:43.988399+00:00,0.958,,,,False,False,True,,SandboxException,"400: failed to create FC session: ERR_BAD_REQUEST: code: 429, Scaling limit exceeded，burst: 300, refill rate: 5/s request id: ed21df9a-f538-43f2-84e6-32fb76f1ee0a (SDKError:    StatusCode: 429    Code: ResourceExhausted    Message: code: 429, Scaling limit exceeded，burst: 300, refill rate: 5/s request id: ed21df9a-f538-43f2-84e6-32fb76f1ee0a    Data: {""Code"":""ResourceExhausted"",""Message"":""Scaling limit exceeded，burst: 300, refill rate: 5/s"",""RequestId"":""ed21df9a-f538-43f2-84e6-32fb76f1ee0a""} )"
none,10,60,379,2026-07-30T09:50:44.088399+00:00,0.294,775.978,282.83,56.061,True,True,True,sbx-3d3fb63c-9a54-4534-8907-a492830ae43c,,
none,10,60,380,2026-07-30T09:50:44.188399+00:00,0.821,674.44,344.156,94.908,True,True,True,sbx-b5d04f2e-bcd0-497d-8fda-4ab794d64430,,
none,10,60,381,2026-07-30T09:50:44.288399+00:00,0.757,541.07,228.329,89.867,True,True,True,sbx-e2912528-5c92-4fa0-9719-71be9d937da8,,
none,10,60,382,2026-07-30T09:50:44.388399+00:00,0.827,,,,False,False,True,,SandboxException,"400: failed to create FC session: ERR_BAD_REQUEST: code: 429, Scaling limit exceeded，burst: 300, refill rate: 5/s request id: 05219f08-3837-45c7-8a38-d675c8771264 (SDKError:    StatusCode: 429    Code: ResourceExhausted    Message: code: 429, Scaling limit exceeded，burst: 300, refill rate: 5/s request id: 05219f08-3837-45c7-8a38-d675c8771264    Data: {""Code"":""ResourceExhausted"",""Message"":""Scaling limit exceeded，burst: 300, refill rate: 5/s"",""RequestId"":""05219f08-3837-45c7-8a38-d675c8771264""} )"
none,10,60,383,2026-07-30T09:50:44.488399+00:00,0.321,459.863,397.484,41.087,True,True,True,sbx-3ee791bf-16b4-41ca-a988-ac8b60e7cf99,,
none,10,60,384,2026-07-30T09:50:44.588399+00:00,0.388,468.337,404.952,102.046,True,True,True,sbx-402db217-60e3-4735-9f00-54cf945d6bd1,,
none,10,60,385,2026-07-30T09:50:44.688399+00:00,0.886,,,,False,False,True,,SandboxException,"400: failed to create FC session: ERR_BAD_REQUEST: code: 429, Scaling limit exceeded，burst: 300, refill rate: 5/s request id: 8c2d60cc-5332-4c37-af16-0d65980c1350 (SDKError:    StatusCode: 429    Code: ResourceExhausted    Message: code: 429, Scaling limit exceeded，burst: 300, refill rate: 5/s request id: 8c2d60cc-5332-4c37-af16-0d65980c1350    Data: {""Code"":""ResourceExhausted"",""Message"":""Scaling limit exceeded，burst: 300, refill rate: 5/s"",""RequestId"":""8c2d60cc-5332-4c37-af16-0d65980c1350""} )"
none,10,60,386,2026-07-30T09:50:44.788399+00:00,0.572,,,,False,False,True,,SandboxException,"400: failed to create FC session: ERR_BAD_REQUEST: code: 429, Scaling limit exceeded，burst: 300, refill rate: 5/s request id: 39dca0ed-b6ef-44cc-b3e1-8a1d6f1053df (SDKError:    StatusCode: 429    Code: ResourceExhausted    Message: code: 429, Scaling limit exceeded，burst: 300, refill rate: 5/s request id: 39dca0ed-b6ef-44cc-b3e1-8a1d6f1053df    Data: {""Code"":""ResourceExhausted"",""Message"":""Scaling limit exceeded，burst: 300, refill rate: 5/s"",""RequestId"":""39dca0ed-b6ef-44cc-b3e1-8a1d6f1053df""} )"
none,10,60,387,2026-07-30T09:50:44.888399+00:00,0.225,1164.516,294.802,45.554,True,True,True,sbx-f1a39e33-6e3d-4caa-a0d4-76570f32acbb,,
none,10,60,388,2026-07-30T09:50:44.988399+00:00,0.887,,,,False,False,True,,SandboxException,"400: failed to create FC session: ERR_BAD_REQUEST: code: 429, Scaling limit exceeded，burst: 300, refill rate: 5/s request id: 70e299d5-9c23-48c3-ba43-d00443464cfa (SDKError:    StatusCode: 429    Code: ResourceExhausted    Message: code: 429, Scaling limit exceeded，burst: 300, refill rate: 5/s request id: 70e299d5-9c23-48c3-ba43-d00443464cfa    Data: {""Code"":""ResourceExhausted"",""Message"":""Scaling limit exceeded，burst: 300, refill rate: 5/s"",""RequestId"":""70e299d5-9c23-48c3-ba43-d00443464cfa""} )"
none,10,60,389,2026-07-30T09:50:45.088399+00:00,0.637,,,,False,False,True,,SandboxException,"400: failed to create FC session: ERR_BAD_REQUEST: code: 429, Scaling limit exceeded，burst: 300, refill rate: 5/s request id: 7fae25e0-cff3-427f-bbb5-e654698a4b79 (SDKError:    StatusCode: 429    Code: ResourceExhausted    Message: code: 429, Scaling limit exceeded，burst: 300, refill rate: 5/s request id: 7fae25e0-cff3-427f-bbb5-e654698a4b79    Data: {""Code"":""ResourceExhausted"",""Message"":""Scaling limit exceeded，burst: 300, refill rate: 5/s"",""RequestId"":""7fae25e0-cff3-427f-bbb5-e654698a4b79""} )"
none,10,60,390,2026-07-30T09:50:45.188399+00:00,0.81,573.161,207.607,41.92,True,True,True,sbx-0ed550e7-bc16-4680-bce0-f837a72e61d2,,
none,10,60,391,2026-07-30T09:50:45.288399+00:00,0.445,715.234,278.897,43.327,True,True,True,sbx-a6c3c6ee-aa0e-42a0-81e3-022e47d32cbe,,
none,10,60,392,2026-07-30T09:50:45.388399+00:00,0.826,,,,False,False,True,,SandboxException,"400: failed to create FC session: ERR_BAD_REQUEST: code: 429, Scaling limit exceeded，burst: 300, refill rate: 5/s request id: d77680ae-931d-4940-91f8-098af4befb3c (SDKError:    StatusCode: 429    Code: ResourceExhausted    Message: code: 429, Scaling limit exceeded，burst: 300, refill rate: 5/s request id: d77680ae-931d-4940-91f8-098af4befb3c    Data: {""Code"":""ResourceExhausted"",""Message"":""Scaling limit exceeded，burst: 300, refill rate: 5/s"",""RequestId"":""d77680ae-931d-4940-91f8-098af4befb3c""} )"
none,10,60,393,2026-07-30T09:50:45.488399+00:00,0.886,437.983,338.038,44.834,True,True,True,sbx-ebf5a1bf-32e8-4365-88ff-45efa80a2aca,,
none,10,60,394,2026-07-30T09:50:45.588399+00:00,0.775,440.08,310.741,58.365,True,True,True,sbx-21c53307-fba5-4ba6-9040-8e62666efb84,,
none,10,60,395,2026-07-30T09:50:45.688399+00:00,0.886,,,,False,False,True,,SandboxException,"400: failed to create FC session: ERR_BAD_REQUEST: code: 429, Scaling limit exceeded，burst: 300, refill rate: 5/s request id: c3d68760-fc19-413f-8302-f3ab9c223d11 (SDKError:    StatusCode: 429    Code: ResourceExhausted    Message: code: 429, Scaling limit exceeded，burst: 300, refill rate: 5/s request id: c3d68760-fc19-413f-8302-f3ab9c223d11    Data: {""Code"":""ResourceExhausted"",""Message"":""Scaling limit exceeded，burst: 300, refill rate: 5/s"",""RequestId"":""c3d68760-fc19-413f-8302-f3ab9c223d11""} )"
none,10,60,396,2026-07-30T09:50:45.788399+00:00,1.023,,,,False,False,True,,SandboxException,"400: failed to create FC session: ERR_BAD_REQUEST: code: 429, Scaling limit exceeded，burst: 300, refill rate: 5/s request id: 8b95223b-1ff5-4edf-87ed-8f0c0604fd9a (SDKError:    StatusCode: 429    Code: ResourceExhausted    Message: code: 429, Scaling limit exceeded，burst: 300, refill rate: 5/s request id: 8b95223b-1ff5-4edf-87ed-8f0c0604fd9a    Data: {""Code"":""ResourceExhausted"",""Message"":""Scaling limit exceeded，burst: 300, refill rate: 5/s"",""RequestId"":""8b95223b-1ff5-4edf-87ed-8f0c0604fd9a""} )"
none,10,60,397,2026-07-30T09:50:45.888399+00:00,0.335,1131.684,242.558,48.137,True,True,True,sbx-68b8b6ea-3f6c-4aed-868f-f6c3504c1e56,,
none,10,60,398,2026-07-30T09:50:45.988399+00:00,0.72,867.922,245.055,45.319,True,True,True,sbx-11ae825d-c2c3-45b2-8330-4f376f199b2d,,
none,10,60,399,2026-07-30T09:50:46.088399+00:00,0.748,,,,False,False,True,,SandboxException,"400: failed to create FC session: ERR_BAD_REQUEST: code: 429, Scaling limit exceeded，burst: 300, refill rate: 5/s request id: a45b682a-a5f5-4782-8461-094be03e87fc (SDKError:    StatusCode: 429    Code: ResourceExhausted    Message: code: 429, Scaling limit exceeded，burst: 300, refill rate: 5/s request id: a45b682a-a5f5-4782-8461-094be03e87fc    Data: {""Code"":""ResourceExhausted"",""Message"":""Scaling limit exceeded，burst: 300, refill rate: 5/s"",""RequestId"":""a45b682a-a5f5-4782-8461-094be03e87fc""} )"
none,10,60,400,2026-07-30T09:50:46.188399+00:00,0.822,646.606,287.972,40.715,True,True,True,sbx-687508b9-8d1a-4613-9faa-0625afdd06e3,,
none,10,60,401,2026-07-30T09:50:46.288399+00:00,0.885,,,,False,False,True,,SandboxException,"400: failed to create FC session: ERR_BAD_REQUEST: code: 429, Scaling limit exceeded，burst: 300, refill rate: 5/s request id: fb27d4fb-e83c-42c2-8eec-cca914a10f55 (SDKError:    StatusCode: 429    Code: ResourceExhausted    Message: code: 429, Scaling limit exceeded，burst: 300, refill rate: 5/s request id: fb27d4fb-e83c-42c2-8eec-cca914a10f55    Data: {""Code"":""ResourceExhausted"",""Message"":""Scaling limit exceeded，burst: 300, refill rate: 5/s"",""RequestId"":""fb27d4fb-e83c-42c2-8eec-cca914a10f55""} )"
none,10,60,402,2026-07-30T09:50:46.388399+00:00,0.22,1821.102,357.775,56.116,True,True,True,sbx-f543b232-26a9-4efd-b563-749d45b90f1d,,
none,10,60,403,2026-07-30T09:50:46.488399+00:00,0.829,498.139,295.682,48.862,True,True,True,sbx-cb0e0de4-d113-4479-8095-6383b002125f,,
none,10,60,404,2026-07-30T09:50:46.588399+00:00,0.512,,,,False,False,True,,SandboxException,"400: failed to create FC session: ERR_BAD_REQUEST: code: 429, Scaling limit exceeded，burst: 300, refill rate: 5/s request id: fb7c1f7e-749b-4579-b090-b159990d9e08 (SDKError:    StatusCode: 429    Code: ResourceExhausted    Message: code: 429, Scaling limit exceeded，burst: 300, refill rate: 5/s request id: fb7c1f7e-749b-4579-b090-b159990d9e08    Data: {""Code"":""ResourceExhausted"",""Message"":""Scaling limit exceeded，burst: 300, refill rate: 5/s"",""RequestId"":""fb7c1f7e-749b-4579-b090-b159990d9e08""} )"
none,10,60,405,2026-07-30T09:50:46.688399+00:00,0.879,,,,False,False,True,,SandboxException,"400: failed to create FC session: ERR_BAD_REQUEST: code: 429, Scaling limit exceeded，burst: 300, refill rate: 5/s request id: 0c5c10f3-3f5e-434c-8ea1-c6587ae22cf4 (SDKError:    StatusCode: 429    Code: ResourceExhausted    Message: code: 429, Scaling limit exceeded，burst: 300, refill rate: 5/s request id: 0c5c10f3-3f5e-434c-8ea1-c6587ae22cf4    Data: {""Code"":""ResourceExhausted"",""Message"":""Scaling limit exceeded，burst: 300, refill rate: 5/s"",""RequestId"":""0c5c10f3-3f5e-434c-8ea1-c6587ae22cf4""} )"
none,10,60,406,2026-07-30T09:50:46.788399+00:00,0.333,1073.934,228.063,42.169,True,True,True,sbx-ccce72db-2477-4f78-8f85-75d420a56ddf,,
none,10,60,407,2026-07-30T09:50:46.888399+00:00,0.374,1100.551,280.788,43.767,True,True,True,sbx-a83df725-cccf-476c-a1a9-0a540154e55c,,
none,10,60,408,2026-07-30T09:50:46.988399+00:00,0.556,848.977,224.032,56.404,True,True,True,sbx-f8d9a2a6-7d7d-4bd6-be43-117f850efe11,,
none,10,60,409,2026-07-30T09:50:47.088399+00:00,0.567,,,,False,False,True,,SandboxException,"400: failed to create FC session: ERR_BAD_REQUEST: code: 429, Scaling limit exceeded，burst: 300, refill rate: 5/s request id: c55dc8a8-7f61-414f-b86a-9f3dce613ec1 (SDKError:    StatusCode: 429    Code: ResourceExhausted    Message: code: 429, Scaling limit exceeded，burst: 300, refill rate: 5/s request id: c55dc8a8-7f61-414f-b86a-9f3dce613ec1    Data: {""Code"":""ResourceExhausted"",""Message"":""Scaling limit exceeded，burst: 300, refill rate: 5/s"",""RequestId"":""c55dc8a8-7f61-414f-b86a-9f3dce613ec1""} )"
none,10,60,410,2026-07-30T09:50:47.188399+00:00,1.073,,,,False,False,True,,SandboxException,"400: failed to create FC session: ERR_BAD_REQUEST: code: 429, Scaling limit exceeded，burst: 300, refill rate: 5/s request id: 3ead7108-8299-4e33-949f-50ea03c89c9f (SDKError:    StatusCode: 429    Code: ResourceExhausted    Message: code: 429, Scaling limit exceeded，burst: 300, refill rate: 5/s request id: 3ead7108-8299-4e33-949f-50ea03c89c9f    Data: {""Code"":""ResourceExhausted"",""Message"":""Scaling limit exceeded，burst: 300, refill rate: 5/s"",""RequestId"":""3ead7108-8299-4e33-949f-50ea03c89c9f""} )"
none,10,60,411,2026-07-30T09:50:47.288399+00:00,0.329,,,,False,False,True,,SandboxException,"400: failed to create FC session: ERR_BAD_REQUEST: code: 429, Scaling limit exceeded，burst: 300, refill rate: 5/s request id: 73490db2-0353-4948-9885-d3ac0246f454 (SDKError:    StatusCode: 429    Code: ResourceExhausted    Message: code: 429, Scaling limit exceeded，burst: 300, refill rate: 5/s request id: 73490db2-0353-4948-9885-d3ac0246f454    Data: {""Code"":""ResourceExhausted"",""Message"":""Scaling limit exceeded，burst: 300, refill rate: 5/s"",""RequestId"":""73490db2-0353-4948-9885-d3ac0246f454""} )"
none,10,60,412,2026-07-30T09:50:47.388399+00:00,0.511,672.312,397.634,58.625,True,True,True,sbx-467304f9-e316-4b46-b50f-6026ce88bae7,,
none,10,60,413,2026-07-30T09:50:47.488399+00:00,0.89,378.801,2312.056,1623.713,True,True,True,sbx-553e1ad7-c46a-4f22-8675-e1b5f36099cf,,
none,10,60,414,2026-07-30T09:50:47.588399+00:00,0.582,,,,False,False,True,,SandboxException,"400: failed to create FC session: ERR_BAD_REQUEST: code: 429, Scaling limit exceeded，burst: 300, refill rate: 5/s request id: 81b2159f-943a-407c-8cc6-c1d9c72355e4 (SDKError:    StatusCode: 429    Code: ResourceExhausted    Message: code: 429, Scaling limit exceeded，burst: 300, refill rate: 5/s request id: 81b2159f-943a-407c-8cc6-c1d9c72355e4    Data: {""Code"":""ResourceExhausted"",""Message"":""Scaling limit exceeded，burst: 300, refill rate: 5/s"",""RequestId"":""81b2159f-943a-407c-8cc6-c1d9c72355e4""} )"
none,10,60,415,2026-07-30T09:50:47.688399+00:00,0.89,,,,False,False,True,,SandboxException,"400: failed to create FC session: ERR_BAD_REQUEST: code: 429, Scaling limit exceeded，burst: 300, refill rate: 5/s request id: 1065931a-2f76-4a47-92bb-730c4a1f62a8 (SDKError:    StatusCode: 429    Code: ResourceExhausted    Message: code: 429, Scaling limit exceeded，burst: 300, refill rate: 5/s request id: 1065931a-2f76-4a47-92bb-730c4a1f62a8    Data: {""Code"":""ResourceExhausted"",""Message"":""Scaling limit exceeded，burst: 300, refill rate: 5/s"",""RequestId"":""1065931a-2f76-4a47-92bb-730c4a1f62a8""} )"
none,10,60,416,2026-07-30T09:50:47.788399+00:00,0.553,,,,False,False,True,,SandboxException,"400: failed to create FC session: ERR_BAD_REQUEST: code: 429, Scaling limit exceeded，burst: 300, refill rate: 5/s request id: 9e6fd5f8-5ef4-4f74-9a77-82ce8290cba0 (SDKError:    StatusCode: 429    Code: ResourceExhausted    Message: code: 429, Scaling limit exceeded，burst: 300, refill rate: 5/s request id: 9e6fd5f8-5ef4-4f74-9a77-82ce8290cba0    Data: {""Code"":""ResourceExhausted"",""Message"":""Scaling limit exceeded，burst: 300, refill rate: 5/s"",""RequestId"":""9e6fd5f8-5ef4-4f74-9a77-82ce8290cba0""} )"
none,10,60,417,2026-07-30T09:50:47.888399+00:00,1.295,,,,False,False,True,,SandboxException,"400: failed to create FC session: ERR_BAD_REQUEST: code: 429, Scaling limit exceeded，burst: 300, refill rate: 5/s request id: 4ad155ca-d941-452c-ba96-9be46176849a (SDKError:    StatusCode: 429    Code: ResourceExhausted    Message: code: 429, Scaling limit exceeded，burst: 300, refill rate: 5/s request id: 4ad155ca-d941-452c-ba96-9be46176849a    Data: {""Code"":""ResourceExhausted"",""Message"":""Scaling limit exceeded，burst: 300, refill rate: 5/s"",""RequestId"":""4ad155ca-d941-452c-ba96-9be46176849a""} )"
none,10,60,418,2026-07-30T09:50:47.988399+00:00,1.332,2737.448,1169.782,89.192,True,True,True,sbx-4f81c572-30d4-452b-accd-5a4d68733ace,,
none,10,60,419,2026-07-30T09:50:48.088399+00:00,0.262,,,,False,False,True,,SandboxException,"400: failed to create FC session: ERR_BAD_REQUEST: code: 429, Scaling limit exceeded，burst: 300, refill rate: 5/s request id: 2d4bba61-de1d-45c9-9015-43b53c8ab4a2 (SDKError:    StatusCode: 429    Code: ResourceExhausted    Message: code: 429, Scaling limit exceeded，burst: 300, refill rate: 5/s request id: 2d4bba61-de1d-45c9-9015-43b53c8ab4a2    Data: {""Code"":""ResourceExhausted"",""Message"":""Scaling limit exceeded，burst: 300, refill rate: 5/s"",""RequestId"":""2d4bba61-de1d-45c9-9015-43b53c8ab4a2""} )"
none,10,60,420,2026-07-30T09:50:48.188399+00:00,0.82,,,,False,False,True,,SandboxException,"400: failed to create FC session: ERR_BAD_REQUEST: code: 429, Scaling limit exceeded，burst: 300, refill rate: 5/s request id: ce1b726b-3f15-485a-8adc-a87b46f3e8f2 (SDKError:    StatusCode: 429    Code: ResourceExhausted    Message: code: 429, Scaling limit exceeded，burst: 300, refill rate: 5/s request id: ce1b726b-3f15-485a-8adc-a87b46f3e8f2    Data: {""Code"":""ResourceExhausted"",""Message"":""Scaling limit exceeded，burst: 300, refill rate: 5/s"",""RequestId"":""ce1b726b-3f15-485a-8adc-a87b46f3e8f2""} )"
none,10,60,421,2026-07-30T09:50:48.288399+00:00,1.096,,,,False,False,True,,SandboxException,"400: failed to create FC session: ERR_BAD_REQUEST: code: 429, Scaling limit exceeded，burst: 300, refill rate: 5/s request id: 53dc2a7e-8f44-4e23-8ce5-dfb23f3d2bfe (SDKError:    StatusCode: 429    Code: ResourceExhausted    Message: code: 429, Scaling limit exceeded，burst: 300, refill rate: 5/s request id: 53dc2a7e-8f44-4e23-8ce5-dfb23f3d2bfe    Data: {""Code"":""ResourceExhausted"",""Message"":""Scaling limit exceeded，burst: 300, refill rate: 5/s"",""RequestId"":""53dc2a7e-8f44-4e23-8ce5-dfb23f3d2bfe""} )"
none,10,60,422,2026-07-30T09:50:48.388399+00:00,0.334,518.309,1273.649,1624.275,True,True,True,sbx-b72e4207-148e-4b28-8e2a-a6eba7b37060,,
none,10,60,423,2026-07-30T09:50:48.488399+00:00,1.38,470.051,1807.064,1049.446,True,True,True,sbx-81d4595d-b5b4-4167-88c1-9f9304ae2895,,
none,10,60,424,2026-07-30T09:50:48.588399+00:00,0.35,1578.485,657.829,1002.968,True,True,True,sbx-2fb38c02-30ce-427d-a790-c6df83dd46ce,,
none,10,60,425,2026-07-30T09:50:48.688399+00:00,0.903,2024.946,1145.915,75.194,True,True,True,sbx-6cb0dc60-0870-4511-943d-e6f99a3b5ce0,,
none,10,60,426,2026-07-30T09:50:48.788399+00:00,0.886,3034.174,230.608,57.724,True,True,True,sbx-12be48c2-525d-4fa2-9b5a-1aee9f6bdc56,,
none,10,60,427,2026-07-30T09:50:48.888399+00:00,0.234,,,,False,False,True,,SandboxException,"400: failed to create FC session: ERR_BAD_REQUEST: code: 429, Scaling limit exceeded，burst: 300, refill rate: 5/s request id: 18a68ce6-cdf5-4891-ab63-191a11a67a3a (SDKError:    StatusCode: 429    Code: ResourceExhausted    Message: code: 429, Scaling limit exceeded，burst: 300, refill rate: 5/s request id: 18a68ce6-cdf5-4891-ab63-191a11a67a3a    Data: {""Code"":""ResourceExhausted"",""Message"":""Scaling limit exceeded，burst: 300, refill rate: 5/s"",""RequestId"":""18a68ce6-cdf5-4891-ab63-191a11a67a3a""} )"
none,10,60,428,2026-07-30T09:50:48.988399+00:00,0.75,2823.1,238.85,127.376,True,True,True,sbx-7b180828-46d9-4647-a27e-e5e4d54a4fd4,,
none,10,60,429,2026-07-30T09:50:49.088399+00:00,0.412,2733.152,266.298,139.657,True,True,True,sbx-2b8285ab-f601-4c2e-9b42-371eacae4881,,
none,10,60,430,2026-07-30T09:50:49.188399+00:00,0.43,2631.732,400.772,163.093,True,True,True,sbx-f3e124c0-72ac-4454-8f85-acb749700086,,
none,10,60,431,2026-07-30T09:50:49.288399+00:00,0.407,2529.551,238.967,122.063,True,True,True,sbx-7f88dbd1-5cf2-438b-904f-30bc66848e0f,,
none,10,60,432,2026-07-30T09:50:49.388399+00:00,0.617,,,,False,False,True,,SandboxException,"400: failed to create FC session: ERR_BAD_REQUEST: code: 429, Scaling limit exceeded，burst: 300, refill rate: 5/s request id: 7d80e5bf-267e-4469-a981-3aa1924a3160 (SDKError:    StatusCode: 429    Code: ResourceExhausted    Message: code: 429, Scaling limit exceeded，burst: 300, refill rate: 5/s request id: 7d80e5bf-267e-4469-a981-3aa1924a3160    Data: {""Code"":""ResourceExhausted"",""Message"":""Scaling limit exceeded，burst: 300, refill rate: 5/s"",""RequestId"":""7d80e5bf-267e-4469-a981-3aa1924a3160""} )"
none,10,60,433,2026-07-30T09:50:49.488399+00:00,0.444,,,,False,False,True,,SandboxException,"400: failed to create FC session: ERR_BAD_REQUEST: code: 429, Scaling limit exceeded，burst: 300, refill rate: 5/s request id: 88e317ef-d107-4584-a0fb-4fe0eaccd0c6 (SDKError:    StatusCode: 429    Code: ResourceExhausted    Message: code: 429, Scaling limit exceeded，burst: 300, refill rate: 5/s request id: 88e317ef-d107-4584-a0fb-4fe0eaccd0c6    Data: {""Code"":""ResourceExhausted"",""Message"":""Scaling limit exceeded，burst: 300, refill rate: 5/s"",""RequestId"":""88e317ef-d107-4584-a0fb-4fe0eaccd0c6""} )"
none,10,60,434,2026-07-30T09:50:49.588399+00:00,0.548,2236.489,232.388,122.096,True,True,True,sbx-c8525ed7-0181-40a1-b774-4e695cb4e918,,
none,10,60,435,2026-07-30T09:50:49.688399+00:00,0.495,,,,False,False,True,,SandboxException,"400: failed to create FC session: ERR_BAD_REQUEST: code: 429, Scaling limit exceeded，burst: 300, refill rate: 5/s request id: dc581207-206d-4788-b1f3-4e59518d5a31 (SDKError:    StatusCode: 429    Code: ResourceExhausted    Message: code: 429, Scaling limit exceeded，burst: 300, refill rate: 5/s request id: dc581207-206d-4788-b1f3-4e59518d5a31    Data: {""Code"":""ResourceExhausted"",""Message"":""Scaling limit exceeded，burst: 300, refill rate: 5/s"",""RequestId"":""dc581207-206d-4788-b1f3-4e59518d5a31""} )"
none,10,60,436,2026-07-30T09:50:49.788399+00:00,0.555,2317.661,376.565,65.374,True,True,True,sbx-0eb3aaf6-8b6d-4498-8c5e-7ca3aaec7e48,,
none,10,60,437,2026-07-30T09:50:49.888399+00:00,0.539,1925.156,276.614,131.377,True,True,True,sbx-ae495c3a-21d6-4c86-9a64-0a391f53e94d,,
none,10,60,438,2026-07-30T09:50:49.988399+00:00,0.427,2059.764,423.151,75.62,True,True,True,sbx-63b380e4-c4b0-4d47-8550-9fd3eaabcf6e,,
none,10,60,439,2026-07-30T09:50:50.088399+00:00,0.272,1895.584,397.243,54.945,True,True,True,sbx-4985dbde-7ded-436e-8fa4-71b1fb384980,,
none,10,60,440,2026-07-30T09:50:50.188399+00:00,0.896,1668.157,369.929,158.914,True,True,True,sbx-a72a552f-5e35-4f31-9173-95332dc8ff79,,
none,10,60,441,2026-07-30T09:50:50.288399+00:00,0.663,1760.99,406.918,53.696,True,True,True,sbx-17b430ce-6686-418b-bf1b-100096675ea8,,
none,10,60,442,2026-07-30T09:50:50.388399+00:00,0.449,,,,False,False,True,,SandboxException,"400: failed to create FC session: ERR_BAD_REQUEST: code: 429, Scaling limit exceeded，burst: 300, refill rate: 5/s request id: 107c10c4-a200-437b-a95a-f25284dbff0d (SDKError:    StatusCode: 429    Code: ResourceExhausted    Message: code: 429, Scaling limit exceeded，burst: 300, refill rate: 5/s request id: 107c10c4-a200-437b-a95a-f25284dbff0d    Data: {""Code"":""ResourceExhausted"",""Message"":""Scaling limit exceeded，burst: 300, refill rate: 5/s"",""RequestId"":""107c10c4-a200-437b-a95a-f25284dbff0d""} )"
none,10,60,443,2026-07-30T09:50:50.488399+00:00,0.418,1326.717,274.806,135.814,True,True,True,sbx-39b0c92c-a02c-4513-9965-bc4c7364ff46,,
none,10,60,444,2026-07-30T09:50:50.588399+00:00,0.546,1496.922,424.354,50.505,True,True,True,sbx-65186029-e5b6-4994-aef1-123e7ae0a06e,,
none,10,60,445,2026-07-30T09:50:50.688399+00:00,1.104,1395.92,414.173,100.73,True,True,True,sbx-3712eb3e-7586-402c-9c32-d50b6c121eca,,
none,10,60,446,2026-07-30T09:50:50.788399+00:00,0.745,,,,False,False,True,,SandboxException,"400: failed to create FC session: ERR_BAD_REQUEST: code: 429, Scaling limit exceeded，burst: 300, refill rate: 5/s request id: 627cc161-747e-47d1-915c-9e94e09105e6 (SDKError:    StatusCode: 429    Code: ResourceExhausted    Message: code: 429, Scaling limit exceeded，burst: 300, refill rate: 5/s request id: 627cc161-747e-47d1-915c-9e94e09105e6    Data: {""Code"":""ResourceExhausted"",""Message"":""Scaling limit exceeded，burst: 300, refill rate: 5/s"",""RequestId"":""627cc161-747e-47d1-915c-9e94e09105e6""} )"
none,10,60,447,2026-07-30T09:50:50.888399+00:00,1.08,,,,False,False,True,,SandboxException,"400: failed to create FC session: ERR_BAD_REQUEST: code: 429, Scaling limit exceeded，burst: 300, refill rate: 5/s request id: 1a084b3e-5ba0-4a83-80b6-09842b30736f (SDKError:    StatusCode: 429    Code: ResourceExhausted    Message: code: 429, Scaling limit exceeded，burst: 300, refill rate: 5/s request id: 1a084b3e-5ba0-4a83-80b6-09842b30736f    Data: {""Code"":""ResourceExhausted"",""Message"":""Scaling limit exceeded，burst: 300, refill rate: 5/s"",""RequestId"":""1a084b3e-5ba0-4a83-80b6-09842b30736f""} )"
none,10,60,448,2026-07-30T09:50:50.988399+00:00,0.875,,,,False,False,True,,SandboxException,"400: failed to create FC session: ERR_BAD_REQUEST: code: 429, Scaling limit exceeded，burst: 300, refill rate: 5/s request id: 2dc90863-446f-4b10-9401-00252f9a4e93 (SDKError:    StatusCode: 429    Code: ResourceExhausted    Message: code: 429, Scaling limit exceeded，burst: 300, refill rate: 5/s request id: 2dc90863-446f-4b10-9401-00252f9a4e93    Data: {""Code"":""ResourceExhausted"",""Message"":""Scaling limit exceeded，burst: 300, refill rate: 5/s"",""RequestId"":""2dc90863-446f-4b10-9401-00252f9a4e93""} )"
none,10,60,449,2026-07-30T09:50:51.088399+00:00,0.839,,,,False,False,True,,SandboxException,"400: failed to create FC session: ERR_BAD_REQUEST: code: 429, Scaling limit exceeded，burst: 300, refill rate: 5/s request id: d2773220-f204-442a-856c-02e9e53b8031 (SDKError:    StatusCode: 429    Code: ResourceExhausted    Message: code: 429, Scaling limit exceeded，burst: 300, refill rate: 5/s request id: d2773220-f204-442a-856c-02e9e53b8031    Data: {""Code"":""ResourceExhausted"",""Message"":""Scaling limit exceeded，burst: 300, refill rate: 5/s"",""RequestId"":""d2773220-f204-442a-856c-02e9e53b8031""} )"
none,10,60,450,2026-07-30T09:50:51.188399+00:00,1.274,,,,False,False,True,,SandboxException,"400: failed to create FC session: ERR_BAD_REQUEST: code: 429, Scaling limit exceeded，burst: 300, refill rate: 5/s request id: 8cb79951-651f-4ab5-ae05-c9d5e68206f6 (SDKError:    StatusCode: 429    Code: ResourceExhausted    Message: code: 429, Scaling limit exceeded，burst: 300, refill rate: 5/s request id: 8cb79951-651f-4ab5-ae05-c9d5e68206f6    Data: {""Code"":""ResourceExhausted"",""Message"":""Scaling limit exceeded，burst: 300, refill rate: 5/s"",""RequestId"":""8cb79951-651f-4ab5-ae05-c9d5e68206f6""} )"
none,10,60,451,2026-07-30T09:50:51.288399+00:00,0.769,,,,False,False,True,,SandboxException,"400: failed to create FC session: ERR_BAD_REQUEST: code: 429, Scaling limit exceeded，burst: 300, refill rate: 5/s request id: 98baf348-b69b-4910-b907-f696cb8bac5a (SDKError:    StatusCode: 429    Code: ResourceExhausted    Message: code: 429, Scaling limit exceeded，burst: 300, refill rate: 5/s request id: 98baf348-b69b-4910-b907-f696cb8bac5a    Data: {""Code"":""ResourceExhausted"",""Message"":""Scaling limit exceeded，burst: 300, refill rate: 5/s"",""RequestId"":""98baf348-b69b-4910-b907-f696cb8bac5a""} )"
none,10,60,452,2026-07-30T09:50:51.388399+00:00,1.018,,,,False,False,True,,SandboxException,"400: failed to create FC session: ERR_BAD_REQUEST: code: 429, Scaling limit exceeded，burst: 300, refill rate: 5/s request id: 05417d65-5042-46c8-a6bd-1533c48ac0fa (SDKError:    StatusCode: 429    Code: ResourceExhausted    Message: code: 429, Scaling limit exceeded，burst: 300, refill rate: 5/s request id: 05417d65-5042-46c8-a6bd-1533c48ac0fa    Data: {""Code"":""ResourceExhausted"",""Message"":""Scaling limit exceeded，burst: 300, refill rate: 5/s"",""RequestId"":""05417d65-5042-46c8-a6bd-1533c48ac0fa""} )"
none,10,60,453,2026-07-30T09:50:51.488399+00:00,0.562,,,,False,False,True,,SandboxException,"400: failed to create FC session: ERR_BAD_REQUEST: code: 429, Scaling limit exceeded，burst: 300, refill rate: 5/s request id: 561ac63c-1b6e-4a7b-a6a5-b2e09effd9d6 (SDKError:    StatusCode: 429    Code: ResourceExhausted    Message: code: 429, Scaling limit exceeded，burst: 300, refill rate: 5/s request id: 561ac63c-1b6e-4a7b-a6a5-b2e09effd9d6    Data: {""Code"":""ResourceExhausted"",""Message"":""Scaling limit exceeded，burst: 300, refill rate: 5/s"",""RequestId"":""561ac63c-1b6e-4a7b-a6a5-b2e09effd9d6""} )"
none,10,60,454,2026-07-30T09:50:51.588399+00:00,0.448,,,,False,False,True,,SandboxException,"400: failed to create FC session: ERR_BAD_REQUEST: code: 429, Scaling limit exceeded，burst: 300, refill rate: 5/s request id: d3d511fb-43e8-4110-8706-657b8b65c79e (SDKError:    StatusCode: 429    Code: ResourceExhausted    Message: code: 429, Scaling limit exceeded，burst: 300, refill rate: 5/s request id: d3d511fb-43e8-4110-8706-657b8b65c79e    Data: {""Code"":""ResourceExhausted"",""Message"":""Scaling limit exceeded，burst: 300, refill rate: 5/s"",""RequestId"":""d3d511fb-43e8-4110-8706-657b8b65c79e""} )"
none,10,60,455,2026-07-30T09:50:51.688399+00:00,0.936,,,,False,False,True,,SandboxException,"400: failed to create FC session: ERR_BAD_REQUEST: code: 429, Scaling limit exceeded，burst: 300, refill rate: 5/s request id: f56fa32d-7f49-487f-85c0-c1b63db05efd (SDKError:    StatusCode: 429    Code: ResourceExhausted    Message: code: 429, Scaling limit exceeded，burst: 300, refill rate: 5/s request id: f56fa32d-7f49-487f-85c0-c1b63db05efd    Data: {""Code"":""ResourceExhausted"",""Message"":""Scaling limit exceeded，burst: 300, refill rate: 5/s"",""RequestId"":""f56fa32d-7f49-487f-85c0-c1b63db05efd""} )"
none,10,60,456,2026-07-30T09:50:51.788399+00:00,0.897,,,,False,False,True,,SandboxException,"400: failed to create FC session: ERR_BAD_REQUEST: code: 429, Scaling limit exceeded，burst: 300, refill rate: 5/s request id: 301650f4-de80-424f-9c86-89f1e9964a79 (SDKError:    StatusCode: 429    Code: ResourceExhausted    Message: code: 429, Scaling limit exceeded，burst: 300, refill rate: 5/s request id: 301650f4-de80-424f-9c86-89f1e9964a79    Data: {""Code"":""ResourceExhausted"",""Message"":""Scaling limit exceeded，burst: 300, refill rate: 5/s"",""RequestId"":""301650f4-de80-424f-9c86-89f1e9964a79""} )"
none,10,60,457,2026-07-30T09:50:51.888399+00:00,0.32,,,,False,False,True,,SandboxException,"400: failed to create FC session: ERR_BAD_REQUEST: code: 429, Scaling limit exceeded，burst: 300, refill rate: 5/s request id: 48097ad3-8de6-41ec-8c5a-b393e8afa42a (SDKError:    StatusCode: 429    Code: ResourceExhausted    Message: code: 429, Scaling limit exceeded，burst: 300, refill rate: 5/s request id: 48097ad3-8de6-41ec-8c5a-b393e8afa42a    Data: {""Code"":""ResourceExhausted"",""Message"":""Scaling limit exceeded，burst: 300, refill rate: 5/s"",""RequestId"":""48097ad3-8de6-41ec-8c5a-b393e8afa42a""} )"
none,10,60,458,2026-07-30T09:50:51.988399+00:00,0.735,,,,False,False,True,,SandboxException,"400: failed to create FC session: ERR_BAD_REQUEST: code: 429, Scaling limit exceeded，burst: 300, refill rate: 5/s request id: fcc45707-9643-4bb6-8f9d-7f3a86465b1c (SDKError:    StatusCode: 429    Code: ResourceExhausted    Message: code: 429, Scaling limit exceeded，burst: 300, refill rate: 5/s request id: fcc45707-9643-4bb6-8f9d-7f3a86465b1c    Data: {""Code"":""ResourceExhausted"",""Message"":""Scaling limit exceeded，burst: 300, refill rate: 5/s"",""RequestId"":""fcc45707-9643-4bb6-8f9d-7f3a86465b1c""} )"
none,10,60,459,2026-07-30T09:50:52.088399+00:00,0.496,973.572,206.007,44.906,True,True,True,sbx-517cd04a-b589-4a2f-a883-5e87badc4cfd,,
none,10,60,460,2026-07-30T09:50:52.188399+00:00,1.429,,,,False,False,True,,SandboxException,"400: failed to create FC session: ERR_BAD_REQUEST: code: 429, Scaling limit exceeded，burst: 300, refill rate: 5/s request id: 6b6b157c-e4bf-4306-a765-a6e365980b42 (SDKError:    StatusCode: 429    Code: ResourceExhausted    Message: code: 429, Scaling limit exceeded，burst: 300, refill rate: 5/s request id: 6b6b157c-e4bf-4306-a765-a6e365980b42    Data: {""Code"":""ResourceExhausted"",""Message"":""Scaling limit exceeded，burst: 300, refill rate: 5/s"",""RequestId"":""6b6b157c-e4bf-4306-a765-a6e365980b42""} )"
none,10,60,461,2026-07-30T09:50:52.288399+00:00,1.335,1184.401,284.802,78.623,True,True,True,sbx-a7549532-0c45-4e25-84ea-9b78e56e3676,,
none,10,60,462,2026-07-30T09:50:52.388399+00:00,0.575,985.871,245.713,44.793,True,True,True,sbx-8323472f-a48d-442a-89f3-1bf416e0041e,,
none,10,60,463,2026-07-30T09:50:52.488399+00:00,1.04,,,,False,False,True,,SandboxException,"400: failed to create FC session: ERR_BAD_REQUEST: code: 429, Scaling limit exceeded，burst: 300, refill rate: 5/s request id: a7a52e0b-bd36-43bd-83b1-692a477f139b (SDKError:    StatusCode: 429    Code: ResourceExhausted    Message: code: 429, Scaling limit exceeded，burst: 300, refill rate: 5/s request id: a7a52e0b-bd36-43bd-83b1-692a477f139b    Data: {""Code"":""ResourceExhausted"",""Message"":""Scaling limit exceeded，burst: 300, refill rate: 5/s"",""RequestId"":""a7a52e0b-bd36-43bd-83b1-692a477f139b""} )"
none,10,60,464,2026-07-30T09:50:52.588399+00:00,0.779,,,,False,False,True,,SandboxException,"400: failed to create FC session: ERR_BAD_REQUEST: code: 429, Scaling limit exceeded，burst: 300, refill rate: 5/s request id: 4c356ec0-4265-480b-ac1c-85c9fb358bd8 (SDKError:    StatusCode: 429    Code: ResourceExhausted    Message: code: 429, Scaling limit exceeded，burst: 300, refill rate: 5/s request id: 4c356ec0-4265-480b-ac1c-85c9fb358bd8    Data: {""Code"":""ResourceExhausted"",""Message"":""Scaling limit exceeded，burst: 300, refill rate: 5/s"",""RequestId"":""4c356ec0-4265-480b-ac1c-85c9fb358bd8""} )"
none,10,60,465,2026-07-30T09:50:52.688399+00:00,0.519,,,,False,False,True,,SandboxException,"400: failed to create FC session: ERR_BAD_REQUEST: code: 429, Scaling limit exceeded，burst: 300, refill rate: 5/s request id: c46a96f9-64e0-4f7d-a5e7-97249c670772 (SDKError:    StatusCode: 429    Code: ResourceExhausted    Message: code: 429, Scaling limit exceeded，burst: 300, refill rate: 5/s request id: c46a96f9-64e0-4f7d-a5e7-97249c670772    Data: {""Code"":""ResourceExhausted"",""Message"":""Scaling limit exceeded，burst: 300, refill rate: 5/s"",""RequestId"":""c46a96f9-64e0-4f7d-a5e7-97249c670772""} )"
none,10,60,466,2026-07-30T09:50:52.788399+00:00,1.385,,,,False,False,True,,SandboxException,"400: failed to create FC session: ERR_BAD_REQUEST: code: 429, Scaling limit exceeded，burst: 300, refill rate: 5/s request id: 207a4558-ea77-4a11-bc6b-9eb9def7d0bb (SDKError:    StatusCode: 429    Code: ResourceExhausted    Message: code: 429, Scaling limit exceeded，burst: 300, refill rate: 5/s request id: 207a4558-ea77-4a11-bc6b-9eb9def7d0bb    Data: {""Code"":""ResourceExhausted"",""Message"":""Scaling limit exceeded，burst: 300, refill rate: 5/s"",""RequestId"":""207a4558-ea77-4a11-bc6b-9eb9def7d0bb""} )"
none,10,60,467,2026-07-30T09:50:52.888399+00:00,0.837,,,,False,False,True,,SandboxException,"400: failed to create FC session: ERR_BAD_REQUEST: code: 429, Scaling limit exceeded，burst: 300, refill rate: 5/s request id: cb959662-27db-4eb8-93c1-ab7da422f0a8 (SDKError:    StatusCode: 429    Code: ResourceExhausted    Message: code: 429, Scaling limit exceeded，burst: 300, refill rate: 5/s request id: cb959662-27db-4eb8-93c1-ab7da422f0a8    Data: {""Code"":""ResourceExhausted"",""Message"":""Scaling limit exceeded，burst: 300, refill rate: 5/s"",""RequestId"":""cb959662-27db-4eb8-93c1-ab7da422f0a8""} )"
none,10,60,468,2026-07-30T09:50:52.988399+00:00,0.755,,,,False,False,True,,SandboxException,"400: failed to create FC session: ERR_BAD_REQUEST: code: 429, Scaling limit exceeded，burst: 300, refill rate: 5/s request id: a3729d66-3537-4017-9203-992c6cda22c1 (SDKError:    StatusCode: 429    Code: ResourceExhausted    Message: code: 429, Scaling limit exceeded，burst: 300, refill rate: 5/s request id: a3729d66-3537-4017-9203-992c6cda22c1    Data: {""Code"":""ResourceExhausted"",""Message"":""Scaling limit exceeded，burst: 300, refill rate: 5/s"",""RequestId"":""a3729d66-3537-4017-9203-992c6cda22c1""} )"
none,10,60,469,2026-07-30T09:50:53.088399+00:00,0.699,334.615,242.412,94.655,True,True,True,sbx-2878b202-61e5-46fc-af55-2035b1da2202,,
none,10,60,470,2026-07-30T09:50:53.188399+00:00,1.071,294.84,200.065,74.893,True,True,True,sbx-638c57f7-91d4-4c8f-a817-b4d41ce669d7,,
none,10,60,471,2026-07-30T09:50:53.288399+00:00,1.041,,,,False,False,True,,SandboxException,"400: failed to create FC session: ERR_BAD_REQUEST: code: 429, Scaling limit exceeded，burst: 300, refill rate: 5/s request id: 44d13d52-b980-47de-9c58-d761a1baa251 (SDKError:    StatusCode: 429    Code: ResourceExhausted    Message: code: 429, Scaling limit exceeded，burst: 300, refill rate: 5/s request id: 44d13d52-b980-47de-9c58-d761a1baa251    Data: {""Code"":""ResourceExhausted"",""Message"":""Scaling limit exceeded，burst: 300, refill rate: 5/s"",""RequestId"":""44d13d52-b980-47de-9c58-d761a1baa251""} )"
none,10,60,472,2026-07-30T09:50:53.388399+00:00,1.153,,,,False,False,True,,SandboxException,"400: failed to create FC session: ERR_BAD_REQUEST: code: 429, Scaling limit exceeded，burst: 300, refill rate: 5/s request id: 932d0e8e-9b4e-4dbb-8883-d69bca9dec99 (SDKError:    StatusCode: 429    Code: ResourceExhausted    Message: code: 429, Scaling limit exceeded，burst: 300, refill rate: 5/s request id: 932d0e8e-9b4e-4dbb-8883-d69bca9dec99    Data: {""Code"":""ResourceExhausted"",""Message"":""Scaling limit exceeded，burst: 300, refill rate: 5/s"",""RequestId"":""932d0e8e-9b4e-4dbb-8883-d69bca9dec99""} )"
none,10,60,473,2026-07-30T09:50:53.488399+00:00,0.702,,,,False,False,True,,SandboxException,"400: failed to create FC session: ERR_BAD_REQUEST: code: 429, Scaling limit exceeded，burst: 300, refill rate: 5/s request id: 1102331a-9014-413f-8056-3e3b558c83da (SDKError:    StatusCode: 429    Code: ResourceExhausted    Message: code: 429, Scaling limit exceeded，burst: 300, refill rate: 5/s request id: 1102331a-9014-413f-8056-3e3b558c83da    Data: {""Code"":""ResourceExhausted"",""Message"":""Scaling limit exceeded，burst: 300, refill rate: 5/s"",""RequestId"":""1102331a-9014-413f-8056-3e3b558c83da""} )"
none,10,60,474,2026-07-30T09:50:53.588399+00:00,0.634,602.613,214.054,194.145,True,True,True,sbx-29e11468-e8ae-4a4b-898f-df59a2feb343,,
none,10,60,475,2026-07-30T09:50:53.688399+00:00,0.304,617.967,295.69,44.998,True,True,True,sbx-9e815b12-2205-4d28-aab4-837ecc6bce5f,,
none,10,60,476,2026-07-30T09:50:53.788399+00:00,0.399,631.594,354.363,40.66,True,True,True,sbx-ceb654bb-cd6b-4bdd-88f6-0df7b3f9658e,,
none,10,60,477,2026-07-30T09:50:53.888399+00:00,1.381,313.562,218.629,176.849,True,True,True,sbx-6a636624-3840-4475-91b8-95a182f5151b,,
none,10,60,478,2026-07-30T09:50:53.988399+00:00,0.382,338.611,274.101,47.676,True,True,True,sbx-b9388591-6ebd-4b4d-8eb9-e4a44832e439,,
none,10,60,479,2026-07-30T09:50:54.088399+00:00,0.334,1162.859,303.337,93.025,True,True,True,sbx-d6f164e6-4396-4565-8fc0-6537866bb7f1,,
none,10,60,480,2026-07-30T09:50:54.188399+00:00,0.885,,,,False,False,True,,SandboxException,"400: failed to create FC session: ERR_BAD_REQUEST: code: 429, Scaling limit exceeded，burst: 300, refill rate: 5/s request id: 1a717b0a-c967-4a89-906f-b5ec53dadaa5 (SDKError:    StatusCode: 429    Code: ResourceExhausted    Message: code: 429, Scaling limit exceeded，burst: 300, refill rate: 5/s request id: 1a717b0a-c967-4a89-906f-b5ec53dadaa5    Data: {""Code"":""ResourceExhausted"",""Message"":""Scaling limit exceeded，burst: 300, refill rate: 5/s"",""RequestId"":""1a717b0a-c967-4a89-906f-b5ec53dadaa5""} )"
none,10,60,481,2026-07-30T09:50:54.288399+00:00,0.623,,,,False,False,True,,SandboxException,"400: failed to create FC session: ERR_BAD_REQUEST: code: 429, Scaling limit exceeded，burst: 300, refill rate: 5/s request id: c54129d9-dc80-4d8f-886a-86b20c7aab48 (SDKError:    StatusCode: 429    Code: ResourceExhausted    Message: code: 429, Scaling limit exceeded，burst: 300, refill rate: 5/s request id: c54129d9-dc80-4d8f-886a-86b20c7aab48    Data: {""Code"":""ResourceExhausted"",""Message"":""Scaling limit exceeded，burst: 300, refill rate: 5/s"",""RequestId"":""c54129d9-dc80-4d8f-886a-86b20c7aab48""} )"
none,10,60,482,2026-07-30T09:50:54.388399+00:00,0.225,,,,False,False,True,,SandboxException,"400: failed to create FC session: ERR_BAD_REQUEST: code: 429, Scaling limit exceeded，burst: 300, refill rate: 5/s request id: 173fb066-1955-41c5-b672-f3c9adab81b1 (SDKError:    StatusCode: 429    Code: ResourceExhausted    Message: code: 429, Scaling limit exceeded，burst: 300, refill rate: 5/s request id: 173fb066-1955-41c5-b672-f3c9adab81b1    Data: {""Code"":""ResourceExhausted"",""Message"":""Scaling limit exceeded，burst: 300, refill rate: 5/s"",""RequestId"":""173fb066-1955-41c5-b672-f3c9adab81b1""} )"
none,10,60,483,2026-07-30T09:50:54.488399+00:00,0.233,,,,False,False,True,,SandboxException,"400: failed to create FC session: ERR_BAD_REQUEST: code: 429, Scaling limit exceeded，burst: 300, refill rate: 5/s request id: 5c388cda-97da-4d9c-afe1-b827e770c231 (SDKError:    StatusCode: 429    Code: ResourceExhausted    Message: code: 429, Scaling limit exceeded，burst: 300, refill rate: 5/s request id: 5c388cda-97da-4d9c-afe1-b827e770c231    Data: {""Code"":""ResourceExhausted"",""Message"":""Scaling limit exceeded，burst: 300, refill rate: 5/s"",""RequestId"":""5c388cda-97da-4d9c-afe1-b827e770c231""} )"
none,10,60,484,2026-07-30T09:50:54.588399+00:00,0.48,664.29,180.666,119.83,True,True,True,sbx-8a717aa8-87b4-4ae9-a489-67e174a8479a,,
none,10,60,485,2026-07-30T09:50:54.688399+00:00,0.867,,,,False,False,True,,SandboxException,"400: failed to create FC session: ERR_BAD_REQUEST: code: 429, Scaling limit exceeded，burst: 300, refill rate: 5/s request id: aca3ab6c-405b-4c6e-b109-e3ca2bf1f691 (SDKError:    StatusCode: 429    Code: ResourceExhausted    Message: code: 429, Scaling limit exceeded，burst: 300, refill rate: 5/s request id: aca3ab6c-405b-4c6e-b109-e3ca2bf1f691    Data: {""Code"":""ResourceExhausted"",""Message"":""Scaling limit exceeded，burst: 300, refill rate: 5/s"",""RequestId"":""aca3ab6c-405b-4c6e-b109-e3ca2bf1f691""} )"
none,10,60,486,2026-07-30T09:50:54.788399+00:00,0.902,296.362,336.915,42.257,True,True,True,sbx-c13b55e7-4304-42c6-8f38-7d1b0a0d51ef,,
none,10,60,487,2026-07-30T09:50:54.888399+00:00,0.542,378.071,194.008,94.212,True,True,True,sbx-bd8478d9-8d58-4b9b-8685-42a884b8f2d4,,
none,10,60,488,2026-07-30T09:50:54.988399+00:00,0.249,418.493,282.151,44.073,True,True,True,sbx-bcf147a8-3c50-414e-8720-8101b7bf391e,,
none,10,60,489,2026-07-30T09:50:55.088399+00:00,0.882,,,,False,False,True,,SandboxException,"400: failed to create FC session: ERR_BAD_REQUEST: code: 429, Scaling limit exceeded，burst: 300, refill rate: 5/s request id: 15a28534-b9fd-4be8-aa31-86c992d36072 (SDKError:    StatusCode: 429    Code: ResourceExhausted    Message: code: 429, Scaling limit exceeded，burst: 300, refill rate: 5/s request id: 15a28534-b9fd-4be8-aa31-86c992d36072    Data: {""Code"":""ResourceExhausted"",""Message"":""Scaling limit exceeded，burst: 300, refill rate: 5/s"",""RequestId"":""15a28534-b9fd-4be8-aa31-86c992d36072""} )"
none,10,60,490,2026-07-30T09:50:55.188399+00:00,1.346,,,,False,False,True,,SandboxException,"400: failed to create FC session: ERR_BAD_REQUEST: code: 429, Scaling limit exceeded，burst: 300, refill rate: 5/s request id: 364ea688-113b-4ed1-9497-dbd6c9595991 (SDKError:    StatusCode: 429    Code: ResourceExhausted    Message: code: 429, Scaling limit exceeded，burst: 300, refill rate: 5/s request id: 364ea688-113b-4ed1-9497-dbd6c9595991    Data: {""Code"":""ResourceExhausted"",""Message"":""Scaling limit exceeded，burst: 300, refill rate: 5/s"",""RequestId"":""364ea688-113b-4ed1-9497-dbd6c9595991""} )"
none,10,60,491,2026-07-30T09:50:55.288399+00:00,0.728,898.83,232.807,70.244,True,True,True,sbx-7ed64cde-d442-43f2-bb6a-f8745be39b19,,
none,10,60,492,2026-07-30T09:50:55.388399+00:00,1.081,942.285,195.716,47.321,True,True,True,sbx-c69edef7-dae7-41ea-84e7-0a577030babe,,
none,10,60,493,2026-07-30T09:50:55.488399+00:00,1.029,,,,False,False,True,,SandboxException,"400: failed to create FC session: ERR_BAD_REQUEST: code: 429, Scaling limit exceeded，burst: 300, refill rate: 5/s request id: fde574da-68d9-4d9b-8bb6-1d0de24db9a6 (SDKError:    StatusCode: 429    Code: ResourceExhausted    Message: code: 429, Scaling limit exceeded，burst: 300, refill rate: 5/s request id: fde574da-68d9-4d9b-8bb6-1d0de24db9a6    Data: {""Code"":""ResourceExhausted"",""Message"":""Scaling limit exceeded，burst: 300, refill rate: 5/s"",""RequestId"":""fde574da-68d9-4d9b-8bb6-1d0de24db9a6""} )"
none,10,60,494,2026-07-30T09:50:55.588399+00:00,0.5,821.252,283.568,38.442,True,True,True,sbx-c2997305-799f-44d5-beec-e507b1aec825,,
none,10,60,495,2026-07-30T09:50:55.688399+00:00,1.671,,,,False,False,True,,SandboxException,"400: failed to create FC session: ERR_BAD_REQUEST: code: 429, Scaling limit exceeded，burst: 300, refill rate: 5/s request id: 191ce05e-1154-4d8c-af50-ead1843520ff (SDKError:    StatusCode: 429    Code: ResourceExhausted    Message: code: 429, Scaling limit exceeded，burst: 300, refill rate: 5/s request id: 191ce05e-1154-4d8c-af50-ead1843520ff    Data: {""Code"":""ResourceExhausted"",""Message"":""Scaling limit exceeded，burst: 300, refill rate: 5/s"",""RequestId"":""191ce05e-1154-4d8c-af50-ead1843520ff""} )"
none,10,60,496,2026-07-30T09:50:55.788399+00:00,1.324,342.943,223.477,49.292,True,True,True,sbx-a105efcb-e0fc-4238-b196-3ee61e51d689,,
none,10,60,497,2026-07-30T09:50:55.888399+00:00,0.551,334.826,214.227,90.733,True,True,True,sbx-c3a78543-4844-44f6-ad73-d3cdbae178d4,,
none,10,60,498,2026-07-30T09:50:55.988399+00:00,0.431,,,,False,False,True,,SandboxException,"400: failed to create FC session: ERR_BAD_REQUEST: code: 429, Scaling limit exceeded，burst: 300, refill rate: 5/s request id: ee59e6f1-ebbc-476f-8a9f-81484e668ecf (SDKError:    StatusCode: 429    Code: ResourceExhausted    Message: code: 429, Scaling limit exceeded，burst: 300, refill rate: 5/s request id: ee59e6f1-ebbc-476f-8a9f-81484e668ecf    Data: {""Code"":""ResourceExhausted"",""Message"":""Scaling limit exceeded，burst: 300, refill rate: 5/s"",""RequestId"":""ee59e6f1-ebbc-476f-8a9f-81484e668ecf""} )"
none,10,60,499,2026-07-30T09:50:56.088399+00:00,0.586,,,,False,False,True,,SandboxException,"400: failed to create FC session: ERR_BAD_REQUEST: code: 429, Scaling limit exceeded，burst: 300, refill rate: 5/s request id: 4345321e-b7ec-4063-b37a-9765dfb51e89 (SDKError:    StatusCode: 429    Code: ResourceExhausted    Message: code: 429, Scaling limit exceeded，burst: 300, refill rate: 5/s request id: 4345321e-b7ec-4063-b37a-9765dfb51e89    Data: {""Code"":""ResourceExhausted"",""Message"":""Scaling limit exceeded，burst: 300, refill rate: 5/s"",""RequestId"":""4345321e-b7ec-4063-b37a-9765dfb51e89""} )"
none,10,60,500,2026-07-30T09:50:56.188399+00:00,0.352,1085.833,264.028,53.466,True,True,True,sbx-cce52d97-3934-4042-a7e7-70c125325533,,
none,10,60,501,2026-07-30T09:50:56.288399+00:00,0.754,1037.408,234.042,47.252,True,True,True,sbx-42d6f854-f42b-484d-99a7-10b2832c61d9,,
none,10,60,502,2026-07-30T09:50:56.388399+00:00,0.855,,,,False,False,True,,SandboxException,"400: failed to create FC session: ERR_BAD_REQUEST: code: 429, Scaling limit exceeded，burst: 300, refill rate: 5/s request id: dd799804-11ad-41a2-932b-21de7f46e003 (SDKError:    StatusCode: 429    Code: ResourceExhausted    Message: code: 429, Scaling limit exceeded，burst: 300, refill rate: 5/s request id: dd799804-11ad-41a2-932b-21de7f46e003    Data: {""Code"":""ResourceExhausted"",""Message"":""Scaling limit exceeded，burst: 300, refill rate: 5/s"",""RequestId"":""dd799804-11ad-41a2-932b-21de7f46e003""} )"
none,10,60,503,2026-07-30T09:50:56.488399+00:00,0.412,,,,False,False,True,,SandboxException,"400: failed to create FC session: ERR_BAD_REQUEST: code: 429, Scaling limit exceeded，burst: 300, refill rate: 5/s request id: c43c6685-8ed7-4a63-9bf4-699825a30c43 (SDKError:    StatusCode: 429    Code: ResourceExhausted    Message: code: 429, Scaling limit exceeded，burst: 300, refill rate: 5/s request id: c43c6685-8ed7-4a63-9bf4-699825a30c43    Data: {""Code"":""ResourceExhausted"",""Message"":""Scaling limit exceeded，burst: 300, refill rate: 5/s"",""RequestId"":""c43c6685-8ed7-4a63-9bf4-699825a30c43""} )"
none,10,60,504,2026-07-30T09:50:56.588399+00:00,0.561,,,,False,False,True,,SandboxException,"400: failed to create FC session: ERR_BAD_REQUEST: code: 429, Scaling limit exceeded，burst: 300, refill rate: 5/s request id: 0606fb3a-cda2-4729-87b9-324338e1e9cf (SDKError:    StatusCode: 429    Code: ResourceExhausted    Message: code: 429, Scaling limit exceeded，burst: 300, refill rate: 5/s request id: 0606fb3a-cda2-4729-87b9-324338e1e9cf    Data: {""Code"":""ResourceExhausted"",""Message"":""Scaling limit exceeded，burst: 300, refill rate: 5/s"",""RequestId"":""0606fb3a-cda2-4729-87b9-324338e1e9cf""} )"
none,10,60,505,2026-07-30T09:50:56.688399+00:00,1.044,,,,False,False,True,,SandboxException,"400: failed to create FC session: ERR_BAD_REQUEST: code: 429, Scaling limit exceeded，burst: 300, refill rate: 5/s request id: 8f7ddcf5-eb0d-4d0c-8615-505a8594f468 (SDKError:    StatusCode: 429    Code: ResourceExhausted    Message: code: 429, Scaling limit exceeded，burst: 300, refill rate: 5/s request id: 8f7ddcf5-eb0d-4d0c-8615-505a8594f468    Data: {""Code"":""ResourceExhausted"",""Message"":""Scaling limit exceeded，burst: 300, refill rate: 5/s"",""RequestId"":""8f7ddcf5-eb0d-4d0c-8615-505a8594f468""} )"
none,10,60,506,2026-07-30T09:50:56.788399+00:00,0.892,535.799,248.879,70.264,True,True,True,sbx-b08374f5-3a28-49b2-a070-d89308c94827,,
none,10,60,507,2026-07-30T09:50:56.888399+00:00,0.911,411.255,272.854,73.107,True,True,True,sbx-05d88767-be8e-4253-85d3-348b86ff713d,,
none,10,60,508,2026-07-30T09:50:56.988399+00:00,1.075,321.253,248.006,50.156,True,True,True,sbx-07773ab3-cf6a-4439-9022-5858f6e899b8,,
none,10,60,509,2026-07-30T09:50:57.088399+00:00,0.737,,,,False,False,True,,SandboxException,"400: failed to create FC session: ERR_BAD_REQUEST: code: 429, Scaling limit exceeded，burst: 300, refill rate: 5/s request id: 182fcd53-9e82-4270-89fa-855bd42493f7 (SDKError:    StatusCode: 429    Code: ResourceExhausted    Message: code: 429, Scaling limit exceeded，burst: 300, refill rate: 5/s request id: 182fcd53-9e82-4270-89fa-855bd42493f7    Data: {""Code"":""ResourceExhausted"",""Message"":""Scaling limit exceeded，burst: 300, refill rate: 5/s"",""RequestId"":""182fcd53-9e82-4270-89fa-855bd42493f7""} )"
none,10,60,510,2026-07-30T09:50:57.188399+00:00,0.893,,,,False,False,True,,SandboxException,"400: failed to create FC session: ERR_BAD_REQUEST: code: 429, Scaling limit exceeded，burst: 300, refill rate: 5/s request id: 729795e7-1662-4463-991f-c16079a3821d (SDKError:    StatusCode: 429    Code: ResourceExhausted    Message: code: 429, Scaling limit exceeded，burst: 300, refill rate: 5/s request id: 729795e7-1662-4463-991f-c16079a3821d    Data: {""Code"":""ResourceExhausted"",""Message"":""Scaling limit exceeded，burst: 300, refill rate: 5/s"",""RequestId"":""729795e7-1662-4463-991f-c16079a3821d""} )"
none,10,60,511,2026-07-30T09:50:57.288399+00:00,0.496,,,,False,False,True,,SandboxException,"400: failed to create FC session: ERR_BAD_REQUEST: code: 429, Scaling limit exceeded，burst: 300, refill rate: 5/s request id: 1195be5f-b673-4081-a1e9-7f1b2f9d1062 (SDKError:    StatusCode: 429    Code: ResourceExhausted    Message: code: 429, Scaling limit exceeded，burst: 300, refill rate: 5/s request id: 1195be5f-b673-4081-a1e9-7f1b2f9d1062    Data: {""Code"":""ResourceExhausted"",""Message"":""Scaling limit exceeded，burst: 300, refill rate: 5/s"",""RequestId"":""1195be5f-b673-4081-a1e9-7f1b2f9d1062""} )"
none,10,60,512,2026-07-30T09:50:57.388399+00:00,0.246,876.565,267.683,58.037,True,True,True,sbx-97b02b61-9200-42a0-bbd1-f0bdedeb5005,,
none,10,60,513,2026-07-30T09:50:57.488399+00:00,0.369,,,,False,False,True,,SandboxException,"400: failed to create FC session: ERR_BAD_REQUEST: code: 429, Scaling limit exceeded，burst: 300, refill rate: 5/s request id: 620a2719-c258-47b3-b875-8030bb7172dd (SDKError:    StatusCode: 429    Code: ResourceExhausted    Message: code: 429, Scaling limit exceeded，burst: 300, refill rate: 5/s request id: 620a2719-c258-47b3-b875-8030bb7172dd    Data: {""Code"":""ResourceExhausted"",""Message"":""Scaling limit exceeded，burst: 300, refill rate: 5/s"",""RequestId"":""620a2719-c258-47b3-b875-8030bb7172dd""} )"
none,10,60,514,2026-07-30T09:50:57.588399+00:00,0.229,,,,False,False,True,,SandboxException,"400: failed to create FC session: ERR_BAD_REQUEST: code: 429, Scaling limit exceeded，burst: 300, refill rate: 5/s request id: 7391902f-47e9-49e6-8e56-58c2e404c831 (SDKError:    StatusCode: 429    Code: ResourceExhausted    Message: code: 429, Scaling limit exceeded，burst: 300, refill rate: 5/s request id: 7391902f-47e9-49e6-8e56-58c2e404c831    Data: {""Code"":""ResourceExhausted"",""Message"":""Scaling limit exceeded，burst: 300, refill rate: 5/s"",""RequestId"":""7391902f-47e9-49e6-8e56-58c2e404c831""} )"
none,10,60,515,2026-07-30T09:50:57.688399+00:00,0.892,644.149,230.063,65.882,True,True,True,sbx-4fe9a2e0-244d-466e-9ea5-8de51fede9b5,,
none,10,60,516,2026-07-30T09:50:57.788399+00:00,0.489,421.525,263.356,46.719,True,True,True,sbx-f5ad94d3-793b-4b43-b10c-324db2c108aa,,
none,10,60,517,2026-07-30T09:50:57.888399+00:00,0.884,377.151,248.009,44.779,True,True,True,sbx-accc8c6d-b441-406a-8a27-8ca4023c4586,,
none,10,60,518,2026-07-30T09:50:57.988399+00:00,1.276,418.916,220.516,47.534,True,True,True,sbx-06945425-dc3f-48ea-8656-0d5fafaebf40,,
none,10,60,519,2026-07-30T09:50:58.088399+00:00,0.595,,,,False,False,True,,SandboxException,"400: failed to create FC session: ERR_BAD_REQUEST: code: 429, Scaling limit exceeded，burst: 300, refill rate: 5/s request id: a8dc8361-1957-411e-902f-d73cba987f76 (SDKError:    StatusCode: 429    Code: ResourceExhausted    Message: code: 429, Scaling limit exceeded，burst: 300, refill rate: 5/s request id: a8dc8361-1957-411e-902f-d73cba987f76    Data: {""Code"":""ResourceExhausted"",""Message"":""Scaling limit exceeded，burst: 300, refill rate: 5/s"",""RequestId"":""a8dc8361-1957-411e-902f-d73cba987f76""} )"
none,10,60,520,2026-07-30T09:50:58.188399+00:00,0.221,,,,False,False,True,,SandboxException,"400: failed to create FC session: ERR_BAD_REQUEST: code: 429, Scaling limit exceeded，burst: 300, refill rate: 5/s request id: d7c5e9d0-fef4-4e27-8040-d3385f8a3dff (SDKError:    StatusCode: 429    Code: ResourceExhausted    Message: code: 429, Scaling limit exceeded，burst: 300, refill rate: 5/s request id: d7c5e9d0-fef4-4e27-8040-d3385f8a3dff    Data: {""Code"":""ResourceExhausted"",""Message"":""Scaling limit exceeded，burst: 300, refill rate: 5/s"",""RequestId"":""d7c5e9d0-fef4-4e27-8040-d3385f8a3dff""} )"
none,10,60,521,2026-07-30T09:50:58.288399+00:00,0.334,,,,False,False,True,,SandboxException,"400: failed to create FC session: ERR_BAD_REQUEST: code: 429, Scaling limit exceeded，burst: 300, refill rate: 5/s request id: bb032e6e-1fcc-4587-aa50-9c83b92a603a (SDKError:    StatusCode: 429    Code: ResourceExhausted    Message: code: 429, Scaling limit exceeded，burst: 300, refill rate: 5/s request id: bb032e6e-1fcc-4587-aa50-9c83b92a603a    Data: {""Code"":""ResourceExhausted"",""Message"":""Scaling limit exceeded，burst: 300, refill rate: 5/s"",""RequestId"":""bb032e6e-1fcc-4587-aa50-9c83b92a603a""} )"
none,10,60,522,2026-07-30T09:50:58.388399+00:00,1.136,950.592,203.315,43.763,True,True,True,sbx-84c41fe6-4924-416a-84eb-db50ab2a8b3b,,
none,10,60,523,2026-07-30T09:50:58.488399+00:00,0.659,,,,False,False,True,,SandboxException,"400: failed to create FC session: ERR_BAD_REQUEST: code: 429, Scaling limit exceeded，burst: 300, refill rate: 5/s request id: c60e1fec-5ec9-4d27-88ba-82d4444c144d (SDKError:    StatusCode: 429    Code: ResourceExhausted    Message: code: 429, Scaling limit exceeded，burst: 300, refill rate: 5/s request id: c60e1fec-5ec9-4d27-88ba-82d4444c144d    Data: {""Code"":""ResourceExhausted"",""Message"":""Scaling limit exceeded，burst: 300, refill rate: 5/s"",""RequestId"":""c60e1fec-5ec9-4d27-88ba-82d4444c144d""} )"
none,10,60,524,2026-07-30T09:50:58.588399+00:00,0.879,,,,False,False,True,,SandboxException,"400: failed to create FC session: ERR_BAD_REQUEST: code: 429, Scaling limit exceeded，burst: 300, refill rate: 5/s request id: 98cc8870-e52e-4071-905b-80227e8008a4 (SDKError:    StatusCode: 429    Code: ResourceExhausted    Message: code: 429, Scaling limit exceeded，burst: 300, refill rate: 5/s request id: 98cc8870-e52e-4071-905b-80227e8008a4    Data: {""Code"":""ResourceExhausted"",""Message"":""Scaling limit exceeded，burst: 300, refill rate: 5/s"",""RequestId"":""98cc8870-e52e-4071-905b-80227e8008a4""} )"
none,10,60,525,2026-07-30T09:50:58.688399+00:00,0.883,944.193,185.968,45.213,True,True,True,sbx-9508859b-e600-4337-bf71-461c6983bdbe,,
none,10,60,526,2026-07-30T09:50:58.788399+00:00,0.884,577.844,233.615,39.463,True,True,True,sbx-740f8e6e-c627-4a36-96ad-72f4e8ec9821,,
none,10,60,527,2026-07-30T09:50:58.888399+00:00,0.52,,,,False,False,True,,SandboxException,"400: failed to create FC session: ERR_BAD_REQUEST: code: 429, Scaling limit exceeded，burst: 300, refill rate: 5/s request id: 35aa0a09-17ff-4137-9a90-b3c848fa532a (SDKError:    StatusCode: 429    Code: ResourceExhausted    Message: code: 429, Scaling limit exceeded，burst: 300, refill rate: 5/s request id: 35aa0a09-17ff-4137-9a90-b3c848fa532a    Data: {""Code"":""ResourceExhausted"",""Message"":""Scaling limit exceeded，burst: 300, refill rate: 5/s"",""RequestId"":""35aa0a09-17ff-4137-9a90-b3c848fa532a""} )"
none,10,60,528,2026-07-30T09:50:58.988399+00:00,0.854,,,,False,False,True,,SandboxException,"400: failed to create FC session: ERR_BAD_REQUEST: code: 429, Scaling limit exceeded，burst: 300, refill rate: 5/s request id: ef2409c6-1b3d-406a-9511-40adad69a02b (SDKError:    StatusCode: 429    Code: ResourceExhausted    Message: code: 429, Scaling limit exceeded，burst: 300, refill rate: 5/s request id: ef2409c6-1b3d-406a-9511-40adad69a02b    Data: {""Code"":""ResourceExhausted"",""Message"":""Scaling limit exceeded，burst: 300, refill rate: 5/s"",""RequestId"":""ef2409c6-1b3d-406a-9511-40adad69a02b""} )"
none,10,60,529,2026-07-30T09:50:59.088399+00:00,0.264,,,,False,False,True,,SandboxException,"400: failed to create FC session: ERR_BAD_REQUEST: code: 429, Scaling limit exceeded，burst: 300, refill rate: 5/s request id: 0a4a1daa-fa2e-49b4-bcf9-f373d2edf4ef (SDKError:    StatusCode: 429    Code: ResourceExhausted    Message: code: 429, Scaling limit exceeded，burst: 300, refill rate: 5/s request id: 0a4a1daa-fa2e-49b4-bcf9-f373d2edf4ef    Data: {""Code"":""ResourceExhausted"",""Message"":""Scaling limit exceeded，burst: 300, refill rate: 5/s"",""RequestId"":""0a4a1daa-fa2e-49b4-bcf9-f373d2edf4ef""} )"
none,10,60,530,2026-07-30T09:50:59.188399+00:00,0.886,302.864,193.406,46.873,True,True,True,sbx-201b4d38-65c9-4d26-b32a-66b265567509,,
none,10,60,531,2026-07-30T09:50:59.288399+00:00,0.824,362.572,173.783,41.572,True,True,True,sbx-f1075471-667d-4210-b284-86c749979bf6,,
none,10,60,532,2026-07-30T09:50:59.388399+00:00,0.986,,,,False,False,True,,SandboxException,"400: failed to create FC session: ERR_BAD_REQUEST: code: 429, Scaling limit exceeded，burst: 300, refill rate: 5/s request id: 11475095-3598-4c28-a700-6792dd1394c9 (SDKError:    StatusCode: 429    Code: ResourceExhausted    Message: code: 429, Scaling limit exceeded，burst: 300, refill rate: 5/s request id: 11475095-3598-4c28-a700-6792dd1394c9    Data: {""Code"":""ResourceExhausted"",""Message"":""Scaling limit exceeded，burst: 300, refill rate: 5/s"",""RequestId"":""11475095-3598-4c28-a700-6792dd1394c9""} )"
none,10,60,533,2026-07-30T09:50:59.488399+00:00,0.968,1016.882,224.966,94.72,True,True,True,sbx-20142eb2-1ee4-4c92-8d6f-0cb745d4b2f1,,
none,10,60,534,2026-07-30T09:50:59.588399+00:00,0.482,938.05,212.645,87.41,True,True,True,sbx-4a87359f-4d19-4a67-85be-88b39a40606e,,
none,10,60,535,2026-07-30T09:50:59.688399+00:00,0.403,787.144,183.629,54.368,True,True,True,sbx-edfbd4b2-f7ca-437f-b656-424e67838a1b,,
none,10,60,536,2026-07-30T09:50:59.788399+00:00,0.882,,,,False,False,True,,SandboxException,"400: failed to create FC session: ERR_BAD_REQUEST: code: 429, Scaling limit exceeded，burst: 300, refill rate: 5/s request id: c14b0402-8cc2-4b87-802c-56bf4e3d0962 (SDKError:    StatusCode: 429    Code: ResourceExhausted    Message: code: 429, Scaling limit exceeded，burst: 300, refill rate: 5/s request id: c14b0402-8cc2-4b87-802c-56bf4e3d0962    Data: {""Code"":""ResourceExhausted"",""Message"":""Scaling limit exceeded，burst: 300, refill rate: 5/s"",""RequestId"":""c14b0402-8cc2-4b87-802c-56bf4e3d0962""} )"
none,10,60,537,2026-07-30T09:50:59.888399+00:00,0.875,514.135,255.206,54.236,True,True,True,sbx-8b5180c6-4437-4272-b4f2-b35e790803df,,
none,10,60,538,2026-07-30T09:50:59.988399+00:00,0.879,,,,False,False,True,,SandboxException,"400: failed to create FC session: ERR_BAD_REQUEST: code: 429, Scaling limit exceeded，burst: 300, refill rate: 5/s request id: c550ca0c-ab58-4711-abfe-43ceee315440 (SDKError:    StatusCode: 429    Code: ResourceExhausted    Message: code: 429, Scaling limit exceeded，burst: 300, refill rate: 5/s request id: c550ca0c-ab58-4711-abfe-43ceee315440    Data: {""Code"":""ResourceExhausted"",""Message"":""Scaling limit exceeded，burst: 300, refill rate: 5/s"",""RequestId"":""c550ca0c-ab58-4711-abfe-43ceee315440""} )"
none,10,60,539,2026-07-30T09:51:00.088399+00:00,0.785,391.999,199.128,49.864,True,True,True,sbx-8aa2046a-e798-418a-b451-01c0e0563fd5,,
none,10,60,540,2026-07-30T09:51:00.188399+00:00,0.725,,,,False,False,True,,SandboxException,"400: failed to create FC session: ERR_BAD_REQUEST: code: 429, Scaling limit exceeded，burst: 300, refill rate: 5/s request id: 83fede8d-64d1-4a7a-a2d5-3ca34324cf21 (SDKError:    StatusCode: 429    Code: ResourceExhausted    Message: code: 429, Scaling limit exceeded，burst: 300, refill rate: 5/s request id: 83fede8d-64d1-4a7a-a2d5-3ca34324cf21    Data: {""Code"":""ResourceExhausted"",""Message"":""Scaling limit exceeded，burst: 300, refill rate: 5/s"",""RequestId"":""83fede8d-64d1-4a7a-a2d5-3ca34324cf21""} )"
none,10,60,541,2026-07-30T09:51:00.288399+00:00,0.793,,,,False,False,True,,SandboxException,"400: failed to create FC session: ERR_BAD_REQUEST: code: 429, Scaling limit exceeded，burst: 300, refill rate: 5/s request id: c78a8afa-7f2a-45f2-a92d-fa9d577f1f54 (SDKError:    StatusCode: 429    Code: ResourceExhausted    Message: code: 429, Scaling limit exceeded，burst: 300, refill rate: 5/s request id: c78a8afa-7f2a-45f2-a92d-fa9d577f1f54    Data: {""Code"":""ResourceExhausted"",""Message"":""Scaling limit exceeded，burst: 300, refill rate: 5/s"",""RequestId"":""c78a8afa-7f2a-45f2-a92d-fa9d577f1f54""} )"
none,10,60,542,2026-07-30T09:51:00.388399+00:00,0.582,,,,False,False,True,,SandboxException,"400: failed to create FC session: ERR_BAD_REQUEST: code: 429, Scaling limit exceeded，burst: 300, refill rate: 5/s request id: 1a45f142-e9a3-4d48-b500-7c03dbce4803 (SDKError:    StatusCode: 429    Code: ResourceExhausted    Message: code: 429, Scaling limit exceeded，burst: 300, refill rate: 5/s request id: 1a45f142-e9a3-4d48-b500-7c03dbce4803    Data: {""Code"":""ResourceExhausted"",""Message"":""Scaling limit exceeded，burst: 300, refill rate: 5/s"",""RequestId"":""1a45f142-e9a3-4d48-b500-7c03dbce4803""} )"
none,10,60,543,2026-07-30T09:51:00.488399+00:00,0.541,951.691,597.487,52.009,True,True,True,sbx-711ce2b3-1ab9-4d72-a00f-1d1c23566d28,,
none,10,60,544,2026-07-30T09:51:00.588399+00:00,0.429,,,,False,False,True,,SandboxException,"400: failed to create FC session: ERR_BAD_REQUEST: code: 429, Scaling limit exceeded，burst: 300, refill rate: 5/s request id: 5428260e-b259-4971-9b3b-0a6e8e3e2171 (SDKError:    StatusCode: 429    Code: ResourceExhausted    Message: code: 429, Scaling limit exceeded，burst: 300, refill rate: 5/s request id: 5428260e-b259-4971-9b3b-0a6e8e3e2171    Data: {""Code"":""ResourceExhausted"",""Message"":""Scaling limit exceeded，burst: 300, refill rate: 5/s"",""RequestId"":""5428260e-b259-4971-9b3b-0a6e8e3e2171""} )"
none,10,60,545,2026-07-30T09:51:00.688399+00:00,0.573,,,,False,False,True,,SandboxException,"400: failed to create FC session: ERR_BAD_REQUEST: code: 429, Scaling limit exceeded，burst: 300, refill rate: 5/s request id: 284e3222-2a35-4787-af21-7df6c787815c (SDKError:    StatusCode: 429    Code: ResourceExhausted    Message: code: 429, Scaling limit exceeded，burst: 300, refill rate: 5/s request id: 284e3222-2a35-4787-af21-7df6c787815c    Data: {""Code"":""ResourceExhausted"",""Message"":""Scaling limit exceeded，burst: 300, refill rate: 5/s"",""RequestId"":""284e3222-2a35-4787-af21-7df6c787815c""} )"
none,10,60,546,2026-07-30T09:51:00.788399+00:00,0.437,,,,False,False,True,,SandboxException,"400: failed to create FC session: ERR_BAD_REQUEST: code: 429, Scaling limit exceeded，burst: 300, refill rate: 5/s request id: c3273340-1057-478f-8ffc-d5b01a7a554e (SDKError:    StatusCode: 429    Code: ResourceExhausted    Message: code: 429, Scaling limit exceeded，burst: 300, refill rate: 5/s request id: c3273340-1057-478f-8ffc-d5b01a7a554e    Data: {""Code"":""ResourceExhausted"",""Message"":""Scaling limit exceeded，burst: 300, refill rate: 5/s"",""RequestId"":""c3273340-1057-478f-8ffc-d5b01a7a554e""} )"
none,10,60,547,2026-07-30T09:51:00.888399+00:00,0.913,,,,False,False,True,,SandboxException,"400: failed to create FC session: ERR_BAD_REQUEST: code: 429, Scaling limit exceeded，burst: 300, refill rate: 5/s request id: b7beda30-3b99-4af3-a7d7-1a5ddb5a8ffd (SDKError:    StatusCode: 429    Code: ResourceExhausted    Message: code: 429, Scaling limit exceeded，burst: 300, refill rate: 5/s request id: b7beda30-3b99-4af3-a7d7-1a5ddb5a8ffd    Data: {""Code"":""ResourceExhausted"",""Message"":""Scaling limit exceeded，burst: 300, refill rate: 5/s"",""RequestId"":""b7beda30-3b99-4af3-a7d7-1a5ddb5a8ffd""} )"
none,10,60,548,2026-07-30T09:51:00.988399+00:00,0.878,452.842,558.451,53.455,True,True,True,sbx-4f10f873-0658-42c6-a092-04f5736471ea,,
none,10,60,549,2026-07-30T09:51:01.088399+00:00,0.225,310.743,595.863,44.199,True,True,True,sbx-87b2c79e-eaf9-4686-b53a-69b5f30091c1,,
none,10,60,550,2026-07-30T09:51:01.188399+00:00,0.886,,,,False,False,True,,SandboxException,"400: failed to create FC session: ERR_BAD_REQUEST: code: 429, Scaling limit exceeded，burst: 300, refill rate: 5/s request id: a3d3ee82-88f1-4817-a39e-c9b43394d537 (SDKError:    StatusCode: 429    Code: ResourceExhausted    Message: code: 429, Scaling limit exceeded，burst: 300, refill rate: 5/s request id: a3d3ee82-88f1-4817-a39e-c9b43394d537    Data: {""Code"":""ResourceExhausted"",""Message"":""Scaling limit exceeded，burst: 300, refill rate: 5/s"",""RequestId"":""a3d3ee82-88f1-4817-a39e-c9b43394d537""} )"
none,10,60,551,2026-07-30T09:51:01.288399+00:00,0.71,,,,False,False,True,,SandboxException,"400: failed to create FC session: ERR_BAD_REQUEST: code: 429, Scaling limit exceeded，burst: 300, refill rate: 5/s request id: 8a35cda5-d342-4686-966d-1ab681d37cbe (SDKError:    StatusCode: 429    Code: ResourceExhausted    Message: code: 429, Scaling limit exceeded，burst: 300, refill rate: 5/s request id: 8a35cda5-d342-4686-966d-1ab681d37cbe    Data: {""Code"":""ResourceExhausted"",""Message"":""Scaling limit exceeded，burst: 300, refill rate: 5/s"",""RequestId"":""8a35cda5-d342-4686-966d-1ab681d37cbe""} )"
none,10,60,552,2026-07-30T09:51:01.388399+00:00,0.906,603.821,273.216,129.684,True,True,True,sbx-c2c0cbe4-a2c8-4b94-a459-51d5f917d6fd,,
none,10,60,553,2026-07-30T09:51:01.488399+00:00,0.591,509.216,195.745,74.632,True,True,True,sbx-11b3c67c-4331-4ebf-a699-adaf797b415c,,
none,10,60,554,2026-07-30T09:51:01.588399+00:00,0.505,,,,False,False,True,,SandboxException,"400: failed to create FC session: ERR_BAD_REQUEST: code: 429, Scaling limit exceeded，burst: 300, refill rate: 5/s request id: 9e2a18d9-cf63-4626-86cd-eeae8c33fa37 (SDKError:    StatusCode: 429    Code: ResourceExhausted    Message: code: 429, Scaling limit exceeded，burst: 300, refill rate: 5/s request id: 9e2a18d9-cf63-4626-86cd-eeae8c33fa37    Data: {""Code"":""ResourceExhausted"",""Message"":""Scaling limit exceeded，burst: 300, refill rate: 5/s"",""RequestId"":""9e2a18d9-cf63-4626-86cd-eeae8c33fa37""} )"
none,10,60,555,2026-07-30T09:51:01.688399+00:00,0.489,834.989,224.108,56.63,True,True,True,sbx-424a4ae4-d8d2-4552-9def-7161d1c16cbc,,
none,10,60,556,2026-07-30T09:51:01.788399+00:00,0.293,,,,False,False,True,,SandboxException,"400: failed to create FC session: ERR_BAD_REQUEST: code: 429, Scaling limit exceeded，burst: 300, refill rate: 5/s request id: f687ca1a-3c32-4abd-87d8-28dd03acfd3b (SDKError:    StatusCode: 429    Code: ResourceExhausted    Message: code: 429, Scaling limit exceeded，burst: 300, refill rate: 5/s request id: f687ca1a-3c32-4abd-87d8-28dd03acfd3b    Data: {""Code"":""ResourceExhausted"",""Message"":""Scaling limit exceeded，burst: 300, refill rate: 5/s"",""RequestId"":""f687ca1a-3c32-4abd-87d8-28dd03acfd3b""} )"
none,10,60,557,2026-07-30T09:51:01.888399+00:00,1.047,,,,False,False,True,,SandboxException,"400: failed to create FC session: ERR_BAD_REQUEST: code: 429, Scaling limit exceeded，burst: 300, refill rate: 5/s request id: c6828f8f-ae5f-4400-80a0-9226d5c4df81 (SDKError:    StatusCode: 429    Code: ResourceExhausted    Message: code: 429, Scaling limit exceeded，burst: 300, refill rate: 5/s request id: c6828f8f-ae5f-4400-80a0-9226d5c4df81    Data: {""Code"":""ResourceExhausted"",""Message"":""Scaling limit exceeded，burst: 300, refill rate: 5/s"",""RequestId"":""c6828f8f-ae5f-4400-80a0-9226d5c4df81""} )"
none,10,60,558,2026-07-30T09:51:01.988399+00:00,0.878,547.525,211.457,57.082,True,True,True,sbx-fdf70605-4556-40e8-bcde-e47707e3648f,,
none,10,60,559,2026-07-30T09:51:02.088399+00:00,0.286,,,,False,False,True,,SandboxException,"400: failed to create FC session: ERR_BAD_REQUEST: code: 429, Scaling limit exceeded，burst: 300, refill rate: 5/s request id: a1c2dc3e-33dc-4ed7-86fa-a9dcfb1f4704 (SDKError:    StatusCode: 429    Code: ResourceExhausted    Message: code: 429, Scaling limit exceeded，burst: 300, refill rate: 5/s request id: a1c2dc3e-33dc-4ed7-86fa-a9dcfb1f4704    Data: {""Code"":""ResourceExhausted"",""Message"":""Scaling limit exceeded，burst: 300, refill rate: 5/s"",""RequestId"":""a1c2dc3e-33dc-4ed7-86fa-a9dcfb1f4704""} )"
none,10,60,560,2026-07-30T09:51:02.188399+00:00,0.897,408.144,248.093,42.857,True,True,True,sbx-bb5aff41-59cd-4c0a-b2d2-6d16de4b29c0,,
none,10,60,561,2026-07-30T09:51:02.288399+00:00,0.985,316.389,229.392,37.761,True,True,True,sbx-38abde29-aa2e-4911-83f8-14500a52ec83,,
none,10,60,562,2026-07-30T09:51:02.388399+00:00,6.062,306.441,239.705,43.496,True,True,True,sbx-2b6fe5fd-ea0c-4440-9b20-453a5ea29c2a,,
none,10,60,563,2026-07-30T09:51:02.488399+00:00,0.437,1079.897,257.205,55.869,True,True,True,sbx-3428560d-a407-496e-bceb-5ff8837b5d06,,
none,10,60,564,2026-07-30T09:51:02.588399+00:00,0.254,981.757,281.052,40.233,True,True,True,sbx-6e99cc0f-220f-4714-8e72-7927fb5842c1,,
none,10,60,565,2026-07-30T09:51:02.688399+00:00,0.211,,,,False,False,True,,SandboxException,"400: failed to create FC session: ERR_BAD_REQUEST: code: 429, Scaling limit exceeded，burst: 300, refill rate: 5/s request id: 7ba2a4af-a219-4c4e-8e50-5cea51430a97 (SDKError:    StatusCode: 429    Code: ResourceExhausted    Message: code: 429, Scaling limit exceeded，burst: 300, refill rate: 5/s request id: 7ba2a4af-a219-4c4e-8e50-5cea51430a97    Data: {""Code"":""ResourceExhausted"",""Message"":""Scaling limit exceeded，burst: 300, refill rate: 5/s"",""RequestId"":""7ba2a4af-a219-4c4e-8e50-5cea51430a97""} )"
none,10,60,566,2026-07-30T09:51:02.788399+00:00,0.67,,,,False,False,True,,SandboxException,"400: failed to create FC session: ERR_BAD_REQUEST: code: 429, Scaling limit exceeded，burst: 300, refill rate: 5/s request id: 2a7b9303-b20e-42e7-907f-25fed32ca45c (SDKError:    StatusCode: 429    Code: ResourceExhausted    Message: code: 429, Scaling limit exceeded，burst: 300, refill rate: 5/s request id: 2a7b9303-b20e-42e7-907f-25fed32ca45c    Data: {""Code"":""ResourceExhausted"",""Message"":""Scaling limit exceeded，burst: 300, refill rate: 5/s"",""RequestId"":""2a7b9303-b20e-42e7-907f-25fed32ca45c""} )"
none,10,60,567,2026-07-30T09:51:02.888399+00:00,1.155,,,,False,False,True,,SandboxException,"400: failed to create FC session: ERR_BAD_REQUEST: code: 429, Scaling limit exceeded，burst: 300, refill rate: 5/s request id: 60d44d8b-4074-4171-b549-59d2e1ca7552 (SDKError:    StatusCode: 429    Code: ResourceExhausted    Message: code: 429, Scaling limit exceeded，burst: 300, refill rate: 5/s request id: 60d44d8b-4074-4171-b549-59d2e1ca7552    Data: {""Code"":""ResourceExhausted"",""Message"":""Scaling limit exceeded，burst: 300, refill rate: 5/s"",""RequestId"":""60d44d8b-4074-4171-b549-59d2e1ca7552""} )"
none,10,60,568,2026-07-30T09:51:02.988399+00:00,1.171,,,,False,False,True,,SandboxException,"400: failed to create FC session: ERR_BAD_REQUEST: code: 429, Scaling limit exceeded，burst: 300, refill rate: 5/s request id: e972fe8f-6bca-4240-8ae4-dfd1cfbc31b7 (SDKError:    StatusCode: 429    Code: ResourceExhausted    Message: code: 429, Scaling limit exceeded，burst: 300, refill rate: 5/s request id: e972fe8f-6bca-4240-8ae4-dfd1cfbc31b7    Data: {""Code"":""ResourceExhausted"",""Message"":""Scaling limit exceeded，burst: 300, refill rate: 5/s"",""RequestId"":""e972fe8f-6bca-4240-8ae4-dfd1cfbc31b7""} )"
none,10,60,569,2026-07-30T09:51:03.088399+00:00,0.61,,,,False,False,True,,SandboxException,"400: failed to create FC session: ERR_BAD_REQUEST: code: 429, Scaling limit exceeded，burst: 300, refill rate: 5/s request id: de14afc2-047e-41ad-8c28-c2706286e447 (SDKError:    StatusCode: 429    Code: ResourceExhausted    Message: code: 429, Scaling limit exceeded，burst: 300, refill rate: 5/s request id: de14afc2-047e-41ad-8c28-c2706286e447    Data: {""Code"":""ResourceExhausted"",""Message"":""Scaling limit exceeded，burst: 300, refill rate: 5/s"",""RequestId"":""de14afc2-047e-41ad-8c28-c2706286e447""} )"
none,10,60,570,2026-07-30T09:51:03.188399+00:00,0.851,448.082,310.39,50.896,True,True,True,sbx-16bd9132-5ea9-4cd1-b926-0216d79832f2,,
none,10,60,571,2026-07-30T09:51:03.288399+00:00,0.892,347.134,273.772,47.978,True,True,True,sbx-d3b5c9db-b329-4750-ad80-baf10d007ef6,,
none,10,60,572,2026-07-30T09:51:03.388399+00:00,1.366,391.79,260.172,44.697,True,True,True,sbx-c9914630-733c-433b-b696-2431cd259615,,
none,10,60,573,2026-07-30T09:51:03.488399+00:00,0.882,,,,False,False,True,,SandboxException,"400: failed to create FC session: ERR_BAD_REQUEST: code: 429, Scaling limit exceeded，burst: 300, refill rate: 5/s request id: de45955c-da67-42b4-a355-9f23f137ec8e (SDKError:    StatusCode: 429    Code: ResourceExhausted    Message: code: 429, Scaling limit exceeded，burst: 300, refill rate: 5/s request id: de45955c-da67-42b4-a355-9f23f137ec8e    Data: {""Code"":""ResourceExhausted"",""Message"":""Scaling limit exceeded，burst: 300, refill rate: 5/s"",""RequestId"":""de45955c-da67-42b4-a355-9f23f137ec8e""} )"
none,10,60,574,2026-07-30T09:51:03.588399+00:00,1.044,,,,False,False,True,,SandboxException,"400: failed to create FC session: ERR_BAD_REQUEST: code: 429, Scaling limit exceeded，burst: 300, refill rate: 5/s request id: f34eed4a-b521-4bc4-8c42-f28b68068b12 (SDKError:    StatusCode: 429    Code: ResourceExhausted    Message: code: 429, Scaling limit exceeded，burst: 300, refill rate: 5/s request id: f34eed4a-b521-4bc4-8c42-f28b68068b12    Data: {""Code"":""ResourceExhausted"",""Message"":""Scaling limit exceeded，burst: 300, refill rate: 5/s"",""RequestId"":""f34eed4a-b521-4bc4-8c42-f28b68068b12""} )"
none,10,60,575,2026-07-30T09:51:03.688399+00:00,0.453,,,,False,False,True,,SandboxException,"400: failed to create FC session: ERR_BAD_REQUEST: code: 429, Scaling limit exceeded，burst: 300, refill rate: 5/s request id: ec408587-c0f0-43b6-9b56-9257c81400d7 (SDKError:    StatusCode: 429    Code: ResourceExhausted    Message: code: 429, Scaling limit exceeded，burst: 300, refill rate: 5/s request id: ec408587-c0f0-43b6-9b56-9257c81400d7    Data: {""Code"":""ResourceExhausted"",""Message"":""Scaling limit exceeded，burst: 300, refill rate: 5/s"",""RequestId"":""ec408587-c0f0-43b6-9b56-9257c81400d7""} )"
none,10,60,576,2026-07-30T09:51:03.788399+00:00,1.027,,,,False,False,True,,SandboxException,"400: failed to create FC session: ERR_BAD_REQUEST: code: 429, Scaling limit exceeded，burst: 300, refill rate: 5/s request id: 2c4e0b66-8e4e-4f39-b4a9-c21b6c03c69a (SDKError:    StatusCode: 429    Code: ResourceExhausted    Message: code: 429, Scaling limit exceeded，burst: 300, refill rate: 5/s request id: 2c4e0b66-8e4e-4f39-b4a9-c21b6c03c69a    Data: {""Code"":""ResourceExhausted"",""Message"":""Scaling limit exceeded，burst: 300, refill rate: 5/s"",""RequestId"":""2c4e0b66-8e4e-4f39-b4a9-c21b6c03c69a""} )"
none,10,60,577,2026-07-30T09:51:03.888399+00:00,0.475,1116.089,210.754,96.964,True,True,True,sbx-05920e36-96fb-4e18-98b9-7e6bc8941c4e,,
none,10,60,578,2026-07-30T09:51:03.988399+00:00,0.322,596.346,222.466,39.215,True,True,True,sbx-4d53deab-a253-4f9f-b2b0-00e224b29f58,,
none,10,60,579,2026-07-30T09:51:04.088399+00:00,0.395,708.189,232.42,41.705,True,True,True,sbx-93dbd425-3a6d-475f-9f9a-f0cace10cb39,,
none,10,60,580,2026-07-30T09:51:04.188399+00:00,0.902,,,,False,False,True,,SandboxException,"400: failed to create FC session: ERR_BAD_REQUEST: code: 429, Scaling limit exceeded，burst: 300, refill rate: 5/s request id: b57c53bc-f130-42c6-9516-810e9ee5104e (SDKError:    StatusCode: 429    Code: ResourceExhausted    Message: code: 429, Scaling limit exceeded，burst: 300, refill rate: 5/s request id: b57c53bc-f130-42c6-9516-810e9ee5104e    Data: {""Code"":""ResourceExhausted"",""Message"":""Scaling limit exceeded，burst: 300, refill rate: 5/s"",""RequestId"":""b57c53bc-f130-42c6-9516-810e9ee5104e""} )"
none,10,60,581,2026-07-30T09:51:04.288399+00:00,0.807,,,,False,False,True,,SandboxException,"400: failed to create FC session: ERR_BAD_REQUEST: code: 429, Scaling limit exceeded，burst: 300, refill rate: 5/s request id: 55b1953e-c477-4006-94bb-fdc7cf7daca0 (SDKError:    StatusCode: 429    Code: ResourceExhausted    Message: code: 429, Scaling limit exceeded，burst: 300, refill rate: 5/s request id: 55b1953e-c477-4006-94bb-fdc7cf7daca0    Data: {""Code"":""ResourceExhausted"",""Message"":""Scaling limit exceeded，burst: 300, refill rate: 5/s"",""RequestId"":""55b1953e-c477-4006-94bb-fdc7cf7daca0""} )"
none,10,60,582,2026-07-30T09:51:04.388399+00:00,0.36,298.511,214.549,52.853,True,True,True,sbx-ef70b26c-18f1-40c4-9cd2-ca346326e231,,
none,10,60,583,2026-07-30T09:51:04.488399+00:00,0.899,,,,False,False,True,,SandboxException,"400: failed to create FC session: ERR_BAD_REQUEST: code: 429, Scaling limit exceeded，burst: 300, refill rate: 5/s request id: 227fad01-55b4-4039-9d07-d8629856d7e1 (SDKError:    StatusCode: 429    Code: ResourceExhausted    Message: code: 429, Scaling limit exceeded，burst: 300, refill rate: 5/s request id: 227fad01-55b4-4039-9d07-d8629856d7e1    Data: {""Code"":""ResourceExhausted"",""Message"":""Scaling limit exceeded，burst: 300, refill rate: 5/s"",""RequestId"":""227fad01-55b4-4039-9d07-d8629856d7e1""} )"
none,10,60,584,2026-07-30T09:51:04.588399+00:00,0.668,327.294,189.744,43.072,True,True,True,sbx-804cdb90-ad12-46ab-9c01-e7be1957892e,,
none,10,60,585,2026-07-30T09:51:04.688399+00:00,0.354,1038.482,245.142,45.345,True,True,True,sbx-50ec9e81-5528-4941-9988-d503e833d620,,
none,10,60,586,2026-07-30T09:51:04.788399+00:00,0.839,,,,False,False,True,,SandboxException,"400: failed to create FC session: ERR_BAD_REQUEST: code: 429, Scaling limit exceeded，burst: 300, refill rate: 5/s request id: 913ee74c-e97d-40c8-b696-451b12fd8217 (SDKError:    StatusCode: 429    Code: ResourceExhausted    Message: code: 429, Scaling limit exceeded，burst: 300, refill rate: 5/s request id: 913ee74c-e97d-40c8-b696-451b12fd8217    Data: {""Code"":""ResourceExhausted"",""Message"":""Scaling limit exceeded，burst: 300, refill rate: 5/s"",""RequestId"":""913ee74c-e97d-40c8-b696-451b12fd8217""} )"
none,10,60,587,2026-07-30T09:51:04.888399+00:00,0.401,,,,False,False,True,,SandboxException,"400: failed to create FC session: ERR_BAD_REQUEST: code: 429, Scaling limit exceeded，burst: 300, refill rate: 5/s request id: 08703de7-f009-4486-b143-37e0867e4591 (SDKError:    StatusCode: 429    Code: ResourceExhausted    Message: code: 429, Scaling limit exceeded，burst: 300, refill rate: 5/s request id: 08703de7-f009-4486-b143-37e0867e4591    Data: {""Code"":""ResourceExhausted"",""Message"":""Scaling limit exceeded，burst: 300, refill rate: 5/s"",""RequestId"":""08703de7-f009-4486-b143-37e0867e4591""} )"
none,10,60,588,2026-07-30T09:51:04.988399+00:00,0.189,,,,False,False,True,,SandboxException,"400: failed to create FC session: ERR_BAD_REQUEST: code: 429, Scaling limit exceeded，burst: 300, refill rate: 5/s request id: ca8d341d-f7e6-4617-81ea-37a42bdf8d39 (SDKError:    StatusCode: 429    Code: ResourceExhausted    Message: code: 429, Scaling limit exceeded，burst: 300, refill rate: 5/s request id: ca8d341d-f7e6-4617-81ea-37a42bdf8d39    Data: {""Code"":""ResourceExhausted"",""Message"":""Scaling limit exceeded，burst: 300, refill rate: 5/s"",""RequestId"":""ca8d341d-f7e6-4617-81ea-37a42bdf8d39""} )"
none,10,60,589,2026-07-30T09:51:05.088399+00:00,0.486,,,,False,False,True,,SandboxException,"400: failed to create FC session: ERR_BAD_REQUEST: code: 429, Scaling limit exceeded，burst: 300, refill rate: 5/s request id: ca6b1dd9-dff5-425f-8726-db2b3c5a8729 (SDKError:    StatusCode: 429    Code: ResourceExhausted    Message: code: 429, Scaling limit exceeded，burst: 300, refill rate: 5/s request id: ca6b1dd9-dff5-425f-8726-db2b3c5a8729    Data: {""Code"":""ResourceExhausted"",""Message"":""Scaling limit exceeded，burst: 300, refill rate: 5/s"",""RequestId"":""ca6b1dd9-dff5-425f-8726-db2b3c5a8729""} )"
none,10,60,590,2026-07-30T09:51:05.188399+00:00,1.15,615.799,261.797,44.22,True,True,True,sbx-745b67c4-199c-4e5c-965c-1116b4fe091d,,
none,10,60,591,2026-07-30T09:51:05.288399+00:00,0.848,439.587,211.601,46.285,True,True,True,sbx-ea7d5f69-ad00-4164-811d-690e8614fa23,,
none,10,60,592,2026-07-30T09:51:05.388399+00:00,0.777,446.978,273.931,83.077,True,True,True,sbx-e86e4503-4d63-4556-bfa3-f9e8c2cfcc48,,
none,10,60,593,2026-07-30T09:51:05.488399+00:00,0.485,352.255,226.666,42.947,True,True,True,sbx-9da2508e-f911-4330-b1ed-f6ac11357cae,,
none,10,60,594,2026-07-30T09:51:05.588399+00:00,0.442,,,,False,False,True,,SandboxException,"400: failed to create FC session: ERR_BAD_REQUEST: code: 429, Scaling limit exceeded，burst: 300, refill rate: 5/s request id: e2b4f08a-00fd-43dc-94ee-d6a39de03695 (SDKError:    StatusCode: 429    Code: ResourceExhausted    Message: code: 429, Scaling limit exceeded，burst: 300, refill rate: 5/s request id: e2b4f08a-00fd-43dc-94ee-d6a39de03695    Data: {""Code"":""ResourceExhausted"",""Message"":""Scaling limit exceeded，burst: 300, refill rate: 5/s"",""RequestId"":""e2b4f08a-00fd-43dc-94ee-d6a39de03695""} )"
none,10,60,595,2026-07-30T09:51:05.688399+00:00,1.359,,,,False,False,True,,SandboxException,"400: failed to create FC session: ERR_BAD_REQUEST: code: 429, Scaling limit exceeded，burst: 300, refill rate: 5/s request id: 63a641a0-ce79-4eb3-8f4a-b7c17627b3ae (SDKError:    StatusCode: 429    Code: ResourceExhausted    Message: code: 429, Scaling limit exceeded，burst: 300, refill rate: 5/s request id: 63a641a0-ce79-4eb3-8f4a-b7c17627b3ae    Data: {""Code"":""ResourceExhausted"",""Message"":""Scaling limit exceeded，burst: 300, refill rate: 5/s"",""RequestId"":""63a641a0-ce79-4eb3-8f4a-b7c17627b3ae""} )"
none,10,60,596,2026-07-30T09:51:05.788399+00:00,0.288,,,,False,False,True,,SandboxException,"400: failed to create FC session: ERR_BAD_REQUEST: code: 429, Scaling limit exceeded，burst: 300, refill rate: 5/s request id: 8494c396-a4bd-48c5-9139-e0fbebed0642 (SDKError:    StatusCode: 429    Code: ResourceExhausted    Message: code: 429, Scaling limit exceeded，burst: 300, refill rate: 5/s request id: 8494c396-a4bd-48c5-9139-e0fbebed0642    Data: {""Code"":""ResourceExhausted"",""Message"":""Scaling limit exceeded，burst: 300, refill rate: 5/s"",""RequestId"":""8494c396-a4bd-48c5-9139-e0fbebed0642""} )"
none,10,60,597,2026-07-30T09:51:05.888399+00:00,0.758,,,,False,False,True,,SandboxException,"400: failed to create FC session: ERR_BAD_REQUEST: code: 429, Scaling limit exceeded，burst: 300, refill rate: 5/s request id: 6b2b948d-db2f-471b-83dc-6b88040e5fdb (SDKError:    StatusCode: 429    Code: ResourceExhausted    Message: code: 429, Scaling limit exceeded，burst: 300, refill rate: 5/s request id: 6b2b948d-db2f-471b-83dc-6b88040e5fdb    Data: {""Code"":""ResourceExhausted"",""Message"":""Scaling limit exceeded，burst: 300, refill rate: 5/s"",""RequestId"":""6b2b948d-db2f-471b-83dc-6b88040e5fdb""} )"
none,10,60,598,2026-07-30T09:51:05.988399+00:00,0.799,880.739,224.339,78.895,True,True,True,sbx-ab764590-f01f-4d7b-9fe4-9ea87d2bef72,,
none,10,60,599,2026-07-30T09:51:06.088399+00:00,0.392,626.148,315.921,61.676,True,True,True,sbx-9ae8c1e4-02dc-472a-aba5-08a7ff2feb5e,,
none,10,60,600,2026-07-30T09:51:06.188399+00:00,2.002,563.688,278.741,60.751,True,True,True,sbx-cf65b49c-5c29-4990-a4c5-ca1bcb67b07f,,
